{"ids": ["8013721229812826112", "8013721229812826112", "8013721229812826112", "8013721229812826112", "8013721229812826112", "5830319835468267520", "5830319835468267520", "5830319835468267520", "5830319835468267520", "5830319835468267520", "5830319835468267520", "5830319835468267520"], "displayNames": ["Entity", "Entity", "Entity", "Entity", "Entity", "Relationship", "Relationship", "Relationship", "Relationship", "Relationship", "Relationship", "Relationship"], "bboxes": [[0.518829882, 0.79074043, 0.407732815, 0.587647676], [0.111385837, 0.378493309, 0.392682582, 0.599815488], [0.109854311, 0.381959349, 0.804725885, 0.98446697], [0.516326785, 0.793756723, 0.0, 0.201999009], [0.106958479, 0.383235484, 0.0, 0.189018786], [0.79713285, 0.881469727, 0.591570079, 0.717253089], [0.270014077, 0.355871767, 0.640229642, 0.764437556], [0.407021314, 0.491288036, 0.439207852, 0.566163599], [0.132910073, 0.220593065, 0.635982, 0.762419283], [0.797452509, 0.881286442, 0.211089343, 0.335119486], [0.612180233, 0.699921131, 0.236002356, 0.362205118], [0.200074434, 0.288274556, 0.225082546, 0.34779039]], "confidences": [0.999484539, 0.99944371, 0.999279797, 0.999093294, 0.998763204, 0.997781456, 0.997370481, 0.997235954, 0.996155441, 0.995992124, 0.995048, 0.994613945]}