{"ids": ["8013721229812826112", "8013721229812826112", "8013721229812826112", "8013721229812826112", "8013721229812826112", "5830319835468267520", "8013721229812826112", "5830319835468267520", "8013721229812826112", "5830319835468267520", "5830319835468267520"], "displayNames": ["Entity", "Entity", "Entity", "Entity", "Entity", "Relationship", "Entity", "Relationship", "Entity", "Relationship", "Relationship"], "confidences": [0.999784648, 0.999735892, 0.99966383, 0.999532819, 0.999216437, 0.999013424, 0.998856783, 0.998663783, 0.998612761, 0.998508632, 0.99838233], "bboxes": [[0.701414704, 0.923541784, 0.691895843, 0.840575099], [0.0784133449, 0.381325841, 0.286833048, 0.441302538], [0.372927874, 0.58151871, 0.691544652, 0.830591559], [0.583204448, 0.895120203, 0.115261726, 0.267112643], [0.078310065, 0.293802291, 0.474066615, 0.650278807], [0.413422495, 0.536349773, 0.133254707, 0.186637431], [0.0725776106, 0.377986491, 0.115802705, 0.211634785], [0.387937933, 0.53157717, 0.199369252, 0.25614363], [0.537913203, 0.758566499, 0.351571918, 0.476513922], [0.37885043, 0.515835643, 0.463783652, 0.519509554], [0.811508656, 0.95393908, 0.40747872, 0.465835065]]}