{"confidences": [0.999960184, 0.999936819, 0.99992907, 0.999925852, 0.999890327, 0.999884, 0.999876142, 0.999873757, 0.999868274, 0.999856949, 0.999443948], "displayNames": ["Entity", "Entity", "Entity", "Entity", "Relationship", "Relationship", "Relationship", "Entity", "Relationship", "Relationship", "Relationship"], "ids": ["8013721229812826112", "8013721229812826112", "8013721229812826112", "8013721229812826112", "5830319835468267520", "5830319835468267520", "5830319835468267520", "8013721229812826112", "5830319835468267520", "5830319835468267520", "5830319835468267520"], "bboxes": [[0.171657503, 0.282747269, 0.153672367, 0.216566324], [0.57665962, 0.687722504, 0.133906543, 0.21281147], [0.385309, 0.498772204, 0.404112071, 0.482804984], [0.527373612, 0.639985681, 0.298228234, 0.366169959], [0.398451596, 0.473166645, 0.153038248, 0.182915673], [0.563666224, 0.640751362, 0.437083542, 0.468008757], [0.281663418, 0.358594954, 0.270930737, 0.300632805], [0.176281884, 0.290743679, 0.347484022, 0.412143141], [0.121914856, 0.197609857, 0.271735072, 0.300043583], [0.722319722, 0.80168128, 0.219926745, 0.249872297], [0.27409026, 0.351615399, 0.432942688, 0.462972164]]}