{"confidences": [0.999943733, 0.999939442, 0.99990809, 0.999778807, 0.998286664, 0.998282313, 0.998125613, 0.996512592, 0.996305227, 0.996199548, 0.995775402, 0.992734313], "displayNames": ["Entity", "Entity", "Entity", "Entity", "Relationship", "Relationship", "Relationship", "Relationship", "Relationship", "Relationship", "Relationship", "Entity"], "ids": ["8013721229812826112", "8013721229812826112", "8013721229812826112", "8013721229812826112", "5830319835468267520", "5830319835468267520", "5830319835468267520", "5830319835468267520", "5830319835468267520", "5830319835468267520", "5830319835468267520", "8013721229812826112"], "bboxes": [[0.574759424, 0.690350831, 0.134106323, 0.213054463], [0.524313807, 0.636163116, 0.300297916, 0.366948], [0.384543657, 0.499562889, 0.404196262, 0.483686149], [0.17144461, 0.283272415, 0.152374148, 0.218862176], [0.274882793, 0.35081315, 0.434377432, 0.463708878], [0.4352521, 0.511791885, 0.319761187, 0.348713666], [0.566178739, 0.638986468, 0.438379437, 0.467989534], [0.723972499, 0.798653126, 0.219981968, 0.249676198], [0.121742032, 0.200671986, 0.271158248, 0.30040893], [0.281029582, 0.360274613, 0.27100572, 0.300406], [0.398471534, 0.473507971, 0.153425768, 0.182639465], [0.171665043, 0.297171652, 0.344399959, 0.415757805]]}