{"bboxes": [[0.407959074, 0.553565204, 0.271205217, 0.353560299], [0.7876513, 0.933563173, 0.51294291, 0.593550086], [0.440961361, 0.588255763, 0.499405175, 0.575683951], [0.120586857, 0.26487118, 0.449827731, 0.550101459], [0.145398438, 0.242277905, 0.603208, 0.640897214], [0.643926382, 0.739588618, 0.492617875, 0.531863272], [0.431176245, 0.525369704, 0.195064306, 0.232433647], [0.628032565, 0.723089874, 0.242515042, 0.280669749], [0.313048422, 0.408397734, 0.36458382, 0.402541608], [0.120841868, 0.169148028, 0.572951734, 0.597973049], [0.22126478, 0.269800484, 0.571772933, 0.598858833], [0.365233898, 0.445073962, 0.222273037, 0.249879584], [0.502824843, 0.58407414, 0.22209461, 0.250606239]], "ids": ["8013721229812826112", "8013721229812826112", "8013721229812826112", "8013721229812826112", "5830319835468267520", "5830319835468267520", "5830319835468267520", "5830319835468267520", "5830319835468267520", "1656608880802660352", "1656608880802660352", "1656608880802660352", "1656608880802660352"], "confidences": [0.999829173, 0.999729335, 0.999169827, 0.999104679, 0.997273862, 0.997066796, 0.99472636, 0.994686723, 0.994243205, 0.99171, 0.990591347, 0.970178664, 0.963067055], "displayNames": ["Entity", "Entity", "Entity", "Entity", "Relationship", "Relationship", "Relationship", "Relationship", "Relationship", "Attribute", "Attribute", "Attribute", "Attribute"]}