{"confidences": [0.999889255, 0.999855399, 0.999846, 0.999729574, 0.999716938, 0.999699473, 0.999632478, 0.999630332, 0.999616385, 0.99890554, 0.998518765, 0.998399317, 0.998060644, 0.997893035, 0.997238517], "displayNames": ["Relationship", "Relationship", "Relationship", "Relationship", "Entity", "Entity", "Entity", "Entity", "Relationship", "Attribute", "Attribute", "Attribute", "Attribute", "Relationship", "Entity"], "ids": ["5830319835468267520", "5830319835468267520", "5830319835468267520", "5830319835468267520", "8013721229812826112", "8013721229812826112", "8013721229812826112", "8013721229812826112", "5830319835468267520", "1656608880802660352", "1656608880802660352", "1656608880802660352", "1656608880802660352", "5830319835468267520", "8013721229812826112"], "bboxes": [[0.652626276, 0.747378767, 0.358983308, 0.396257728], [0.311537504, 0.409047514, 0.364621162, 0.402936816], [0.142799318, 0.242851987, 0.600875437, 0.640423], [0.643242419, 0.739778459, 0.492282182, 0.53117156], [0.118571579, 0.264115214, 0.449064523, 0.549443543], [0.786861897, 0.930977345, 0.509026229, 0.592691839], [0.404921681, 0.551031709, 0.270567596, 0.353411436], [0.830581, 0.977936864, 0.311312914, 0.410834849], [0.626555324, 0.724070966, 0.242549121, 0.280866563], [0.502651811, 0.585567057, 0.223160803, 0.249782771], [0.22235544, 0.271402448, 0.569833577, 0.596725523], [0.366573691, 0.444740117, 0.224239171, 0.249068111], [0.120818846, 0.169543192, 0.571380198, 0.596412122], [0.430418044, 0.525961816, 0.193826586, 0.229732394], [0.439066261, 0.587827206, 0.496134728, 0.574214876]]}