{"ids": ["8013721229812826112", "8013721229812826112", "8013721229812826112", "8013721229812826112", "8013721229812826112", "8013721229812826112", "5830319835468267520", "5830319835468267520", "5830319835468267520", "5830319835468267520", "5830319835468267520", "5830319835468267520", "5830319835468267520", "5830319835468267520", "5830319835468267520", "1656608880802660352", "1656608880802660352"], "confidences": [0.999873281, 0.999838352, 0.999801219, 0.999690056, 0.999580801, 0.999250352, 0.998924673, 0.997821569, 0.997403443, 0.996679068, 0.996178627, 0.994167924, 0.992585957, 0.981552958, 0.971552432, 0.928316534, 0.926067054], "displayNames": ["Entity", "Entity", "Entity", "Entity", "Entity", "Entity", "Relationship", "Relationship", "Relationship", "Relationship", "Relationship", "Relationship", "Relationship", "Relationship", "Relationship", "Attribute", "Attribute"], "bboxes": [[0.176670179, 0.316408, 0.346686, 0.405509472], [0.186737537, 0.292069703, 0.218977019, 0.288662851], [0.738433063, 0.880069196, 0.285922259, 0.339994937], [0.503463, 0.603072584, 0.175741926, 0.23702763], [0.404340029, 0.54892242, 0.326306224, 0.391148627], [0.355576873, 0.499747694, 0.440618515, 0.524673462], [0.40242663, 0.466130823, 0.402390838, 0.428638518], [0.184532389, 0.248962522, 0.30719623, 0.334589034], [0.515451193, 0.58194989, 0.270629734, 0.297291905], [0.260802716, 0.32774803, 0.307687342, 0.333590686], [0.233269736, 0.301407278, 0.428122, 0.455705792], [0.61954093, 0.684586406, 0.299408823, 0.326446563], [0.591962636, 0.659242034, 0.361426771, 0.388366818], [0.391209096, 0.460557908, 0.234512612, 0.26243484], [0.510237873, 0.58120811, 0.119054735, 0.146770597], [0.331604, 0.388697982, 0.405181825, 0.425004661], [0.11678008, 0.173066139, 0.310549855, 0.329406083]]}