{"displayNames": ["Entity", "Entity", "Entity", "Entity", "Entity", "Relationship", "Relationship", "Relationship", "Relationship", "Entity", "Relationship", "Relationship", "Entity", "Entity", "Entity", "Entity", "Relationship"], "bboxes": [[0.215493128, 0.330145448, 0.70258832, 0.786438107], [0.454639643, 0.569221139, 0.719031811, 0.785765648], [0.672774255, 0.790493131, 0.714894593, 0.790273], [0.606982529, 0.838882, 0.528461754, 0.655968606], [0.430401683, 0.510999143, 0.115465574, 0.171844244], [0.373141408, 0.522623897, 0.60458535, 0.665210783], [0.39795348, 0.54701072, 0.518624485, 0.577165782], [0.147453651, 0.223739773, 0.833863199, 0.865389287], [0.561179519, 0.711154521, 0.306177586, 0.367729932], [0.135729939, 0.367003083, 0.287805051, 0.419311494], [0.584734678, 0.658626139, 0.740750253, 0.771654427], [0.355947644, 0.431145102, 0.739954, 0.772502422], [0.282558471, 0.361606419, 0.201065868, 0.246037334], [0.12340951, 0.202505127, 0.120721474, 0.166177914], [0.592181, 0.672450364, 0.127064943, 0.171288013], [0.741317928, 0.821420729, 0.123166576, 0.17520602], [0.385937154, 0.434427232, 0.204420954, 0.225834548]], "confidences": [0.999796212, 0.999788, 0.999726951, 0.999535084, 0.999360502, 0.999308586, 0.999242544, 0.999182403, 0.999055207, 0.998346448, 0.99762851, 0.996947467, 0.996655703, 0.993433237, 0.978562415, 0.97848767, 0.904049873], "ids": ["8013721229812826112", "8013721229812826112", "8013721229812826112", "8013721229812826112", "8013721229812826112", "5830319835468267520", "5830319835468267520", "5830319835468267520", "5830319835468267520", "8013721229812826112", "5830319835468267520", "5830319835468267520", "8013721229812826112", "8013721229812826112", "8013721229812826112", "8013721229812826112", "5830319835468267520"]}