{"confidences": [0.999971271, 0.999940157, 0.999919653, 0.999909759, 0.999895215, 0.999868155, 0.999816597, 0.999801695, 0.999780476, 0.999779642, 0.99971348, 0.999617457, 0.999578893], "displayNames": ["Relationship", "Entity", "Relationship", "Entity", "Relationship", "Relationship", "Relationship", "Relationship", "Entity", "Entity", "Entity", "Relationship", "Entity"], "ids": ["5830319835468267520", "8013721229812826112", "5830319835468267520", "8013721229812826112", "5830319835468267520", "5830319835468267520", "5830319835468267520", "5830319835468267520", "8013721229812826112", "8013721229812826112", "8013721229812826112", "5830319835468267520", "8013721229812826112"], "bboxes": [[0.336551309, 0.43098852, 0.385522634, 0.422855586], [0.121691607, 0.262118191, 0.396649, 0.471635282], [0.116654575, 0.209590793, 0.250168055, 0.286588579], [0.74116689, 0.88287282, 0.4025594, 0.476720929], [0.576783776, 0.669394553, 0.0958429277, 0.13290894], [0.33083877, 0.424876183, 0.308995157, 0.345453531], [0.331164628, 0.440007746, 0.427655637, 0.481076717], [0.35387513, 0.483407319, 0.0910229534, 0.138527453], [0.147402838, 0.378184021, 0.638254523, 0.797990561], [0.153343827, 0.292355955, 0.0945481211, 0.193539426], [0.71815, 0.86330086, 0.111478902, 0.204618961], [0.598406196, 0.714696467, 0.333295673, 0.381104916], [0.427471191, 0.570820451, 0.184031695, 0.262088627]]}