{"displayNames": ["Entity", "Entity", "WeakRelationship", "Entity", "Relationship", "Relationship", "Relationship", "WeakRelationship", "Relationship", "Relationship", "WeakEntity", "Entity"], "confidences": [0.99977535, 0.999679089, 0.999639034, 0.999145269, 0.998937309, 0.998891652, 0.998564899, 0.997310519, 0.993540883, 0.991078675, 0.961466432, 0.94406718], "bboxes": [[0.740439892, 0.88563472, 0.403910458, 0.478218913], [0.121826328, 0.265487403, 0.397480607, 0.471726954], [0.345610261, 0.482868314, 0.08833915, 0.139171451], [0.150867671, 0.296118706, 0.0947163254, 0.191757753], [0.337439656, 0.429866731, 0.385732412, 0.422151506], [0.117955692, 0.209251478, 0.249652162, 0.286763668], [0.332374215, 0.440117776, 0.427718937, 0.480886042], [0.593242407, 0.713778198, 0.33250913, 0.381377071], [0.332043082, 0.423348278, 0.308527112, 0.345392168], [0.574778736, 0.667949498, 0.0964621529, 0.133648455], [0.133313254, 0.39742282, 0.631136358, 0.803182185], [0.42232579, 0.581014454, 0.183544144, 0.265936017]], "ids": ["8013721229812826112", "8013721229812826112", "6169160731846508544", "8013721229812826112", "5830319835468267520", "5830319835468267520", "5830319835468267520", "6169160731846508544", "5830319835468267520", "5830319835468267520", "718679282821365760", "8013721229812826112"]}