{"confidences": [0.99988544, 0.999834657, 0.999528646, 0.999500751, 0.999193728, 0.998768389, 0.998110652, 0.997998893, 0.996661425, 0.996562898, 0.995241046, 0.994279623], "ids": ["8013721229812826112", "8013721229812826112", "8013721229812826112", "8013721229812826112", "5830319835468267520", "5830319835468267520", "5830319835468267520", "5830319835468267520", "5830319835468267520", "8013721229812826112", "5830319835468267520", "5830319835468267520"], "bboxes": [[0.105958283, 0.338558823, 0.351981103, 0.514154911], [0.607537568, 0.836215913, 0.59369576, 0.753961086], [0.105594456, 0.338620067, 0.572136462, 0.772993207], [0.61709857, 0.849198818, 0.0910891369, 0.290268093], [0.455055028, 0.52729696, 0.623242199, 0.720706761], [0.0167259462, 0.08974199, 0.789920926, 0.88414675], [0.398394644, 0.47216779, 0.306416869, 0.401543915], [0.68625021, 0.759967327, 0.871865809, 0.967759371], [0.425562859, 0.501625717, 0.0110650966, 0.106804989], [0.037585251, 0.267185062, 0.00201882375, 0.123658657], [0.115757652, 0.19330126, 0.176304609, 0.273764938], [0.684950113, 0.75921917, 0.338980675, 0.437167257]], "displayNames": ["Entity", "Entity", "Entity", "Entity", "Relationship", "Relationship", "Relationship", "Relationship", "Relationship", "Entity", "Relationship", "Relationship"]}