{"confidences": [0.999942541, 0.999862671, 0.999843359, 0.999795258, 0.999689698, 0.99965775, 0.999626756, 0.999589264, 0.99901545, 0.999013782, 0.996422708, 0.982021689], "displayNames": ["Entity", "Entity", "Entity", "Relationship", "Entity", "Relationship", "Relationship", "Relationship", "Relationship", "Entity", "Relationship", "Relationship"], "ids": ["8013721229812826112", "8013721229812826112", "8013721229812826112", "5830319835468267520", "8013721229812826112", "5830319835468267520", "5830319835468267520", "5830319835468267520", "5830319835468267520", "8013721229812826112", "5830319835468267520", "5830319835468267520"], "bboxes": [[0.103171811, 0.339844346, 0.34884125, 0.512931705], [0.614444494, 0.847805, 0.0871590748, 0.287480623], [0.606771767, 0.840833127, 0.588180602, 0.751320243], [0.684760034, 0.759142697, 0.871929109, 0.96580708], [0.104979426, 0.339297384, 0.569253147, 0.770214796], [0.455302447, 0.527282953, 0.621792078, 0.719876587], [0.0160571039, 0.0917984, 0.788431644, 0.885037124], [0.683484674, 0.760301, 0.33723858, 0.435943], [0.426203936, 0.500325918, 0.00869488157, 0.105127022], [0.0395555273, 0.266390383, 0.000219897294, 0.120785572], [0.395549417, 0.473401129, 0.304332525, 0.40054515], [0.117181942, 0.194845214, 0.176207498, 0.273404628]]}