{"confidences": [0.999919415, 0.999913931, 0.999795139, 0.999596775, 0.999570906, 0.99952507, 0.999493361, 0.999445, 0.998955131, 0.998770773, 0.998549163, 0.98017031], "displayNames": ["Relationship", "Relationship", "Relationship", "Entity", "Entity", "Entity", "Relationship", "Entity", "Attribute", "Attribute", "Entity", "Attribute"], "ids": ["5830319835468267520", "5830319835468267520", "5830319835468267520", "8013721229812826112", "8013721229812826112", "8013721229812826112", "5830319835468267520", "8013721229812826112", "1656608880802660352", "1656608880802660352", "8013721229812826112", "1656608880802660352"], "bboxes": [[0.427408516, 0.483823895, 0.412774295, 0.469535738], [0.687846839, 0.745748, 0.4239676, 0.483769149], [0.352181166, 0.409681588, 0.224548012, 0.28483063], [0.240695566, 0.399721235, 0.751214, 0.98270458], [0.512664914, 0.669509292, 0.169038177, 0.390049189], [0.225878119, 0.382383883, 0.365561455, 0.610555649], [0.148069069, 0.220047757, 0.646107197, 0.718433857], [0.154358342, 0.30740422, 0.0855939239, 0.293477356], [0.248142362, 0.321808755, 0.603824079, 0.648987889], [0.246562704, 0.323093474, 0.671299, 0.719151139], [0.514142, 0.668431938, 0.529930294, 0.748457313], [0.405943453, 0.45020473, 0.188621566, 0.223883972]]}