{"bboxes": [[0.514718592, 0.669788301, 0.533740222, 0.746710479], [0.244414836, 0.3995727, 0.754935145, 0.984698534], [0.427842528, 0.483012468, 0.413291663, 0.469355553], [0.153496712, 0.309523314, 0.0906535611, 0.295913517], [0.514914274, 0.669061899, 0.172867358, 0.393266261], [0.228226542, 0.382934093, 0.366964072, 0.60994792], [0.688816369, 0.745487154, 0.425740898, 0.483976], [0.148663804, 0.218481019, 0.647141755, 0.719010592], [0.352635771, 0.409657508, 0.227159783, 0.284019023], [0.247050241, 0.321643859, 0.60424906, 0.651070476], [0.244425312, 0.321815312, 0.669625342, 0.720905066]], "ids": ["8013721229812826112", "8013721229812826112", "5830319835468267520", "8013721229812826112", "8013721229812826112", "8013721229812826112", "5830319835468267520", "5830319835468267520", "5830319835468267520", "1656608880802660352", "1656608880802660352"], "displayNames": ["Entity", "Entity", "Relationship", "Entity", "Entity", "Entity", "Relationship", "Relationship", "Relationship", "Attribute", "Attribute"], "confidences": [0.99935776, 0.999322176, 0.999100804, 0.998914957, 0.998847723, 0.998723567, 0.997435033, 0.9964149, 0.996367693, 0.991614103, 0.990671158]}