{"confidences": [0.999703228, 0.998929441, 0.998913169, 0.998554885, 0.998321235, 0.998309851, 0.997758746, 0.997742653, 0.997329473, 0.996848047, 0.996291637, 0.995455], "displayNames": ["Entity", "Entity", "Entity", "Relationship", "Entity", "Entity", "Relationship", "Relationship", "Relationship", "Relationship", "Relationship", "Relationship"], "ids": ["8013721229812826112", "8013721229812826112", "8013721229812826112", "5830319835468267520", "8013721229812826112", "8013721229812826112", "5830319835468267520", "5830319835468267520", "5830319835468267520", "5830319835468267520", "5830319835468267520", "5830319835468267520"], "bboxes": [[0.437283516, 0.625819087, 0.11001464, 0.305569053], [0.61983943, 0.773359299, 0.359116584, 0.505894959], [0.283055723, 0.389237761, 0.451747417, 0.610898077], [0.79618758, 0.869128048, 0.529631853, 0.626114607], [0.127667636, 0.289808422, 0.156536609, 0.304750562], [0.510757864, 0.626360238, 0.592505157, 0.788026214], [0.330337822, 0.403280973, 0.18932502, 0.285574], [0.657355547, 0.734554648, 0.158091262, 0.255339473], [0.696398735, 0.767650604, 0.642426312, 0.737465382], [0.422193646, 0.495687127, 0.36304155, 0.461805016], [0.165434763, 0.252864361, 0.353040695, 0.461775124], [0.531219363, 0.604329, 0.397235036, 0.49751687]]}