{"displayNames": ["Entity", "Entity", "Relationship", "Relationship", "Relationship", "Entity", "Relationship", "Entity", "Relationship", "Attribute", "Attribute", "WeakRelationship"], "confidences": [0.999535441, 0.999401331, 0.999197543, 0.999132812, 0.998643458, 0.998618603, 0.998239636, 0.998189032, 0.997412, 0.990457118, 0.98835063, 0.970329046], "bboxes": [[0.297150075, 0.42160666, 0.740463138, 0.954587221], [0.265980095, 0.45823577, 0.32539317, 0.538429677], [0.498775482, 0.59419167, 0.686903417, 0.771377325], [0.747144401, 0.848406255, 0.200315297, 0.299504042], [0.482283175, 0.578725278, 0.423797429, 0.509633183], [0.612062275, 0.756985605, 0.385034591, 0.579163909], [0.881845951, 0.978365779, 0.636595428, 0.720861435], [0.602464437, 0.74971807, 0.615841389, 0.832498133], [0.304069489, 0.400604218, 0.590556264, 0.671865761], [0.167107075, 0.244673282, 0.641680598, 0.701028049], [0.165028036, 0.24168545, 0.551135957, 0.60862124], [0.323049843, 0.418598711, 0.0994899273, 0.183977127]], "ids": ["8013721229812826112", "8013721229812826112", "5830319835468267520", "5830319835468267520", "5830319835468267520", "8013721229812826112", "5830319835468267520", "8013721229812826112", "5830319835468267520", "1656608880802660352", "1656608880802660352", "6169160731846508544"]}