{"ids": ["8013721229812826112", "8013721229812826112", "8013721229812826112", "5830319835468267520", "8013721229812826112", "8013721229812826112", "5830319835468267520", "5830319835468267520", "5830319835468267520", "5830319835468267520", "5830319835468267520", "5830319835468267520", "5830319835468267520"], "confidences": [0.999940395, 0.999913931, 0.999845266, 0.999813616, 0.999634862, 0.999581754, 0.998635828, 0.998302698, 0.997786522, 0.99657768, 0.996418834, 0.996141851, 0.992663], "displayNames": ["Entity", "Entity", "Entity", "Relationship", "Entity", "Entity", "Relationship", "Relationship", "Relationship", "Relationship", "Relationship", "Relationship", "Relationship"], "bboxes": [[0.184396625, 0.306852579, 0.567286789, 0.643556535], [0.462755263, 0.58550179, 0.571654797, 0.648689389], [0.184155211, 0.30785352, 0.740141511, 0.819029093], [0.347822905, 0.42769134, 0.575941503, 0.606341779], [0.56761843, 0.689966738, 0.661620855, 0.737750411], [0.460748881, 0.585652232, 0.795900404, 0.874888122], [0.34796533, 0.427636892, 0.826235, 0.855551302], [0.487771958, 0.573475, 0.745456755, 0.775990307], [0.338346153, 0.417410076, 0.675730228, 0.704931736], [0.356632471, 0.438903749, 0.762669921, 0.79250896], [0.60318625, 0.685392559, 0.78878808, 0.818135738], [0.351635605, 0.433219075, 0.618731141, 0.648678184], [0.15126729, 0.234449446, 0.674837, 0.704898477]]}