{"ids": ["5830319835468267520", "6169160731846508544", "5830319835468267520", "6169160731846508544", "6169160731846508544", "5830319835468267520", "8013721229812826112", "8013721229812826112", "8013721229812826112", "8013721229812826112", "6169160731846508544"], "bboxes": [[0.117836475, 0.196758986, 0.42894882, 0.534954071], [0.463846505, 0.554900229, 0.652936518, 0.780648768], [0.207688391, 0.286286026, 0.428850293, 0.536254346], [0.463063508, 0.55496794, 0.412310511, 0.537240624], [0.457535177, 0.544670701, 0.24313733, 0.360024065], [0.738337934, 0.815164506, 0.766928613, 0.872101068], [0.5683918, 0.733643174, 0.675424695, 0.965670586], [0.291464508, 0.456896901, 0.659767151, 0.893570662], [0.249950826, 0.44774884, 0.103868373, 0.335279822], [0.292338848, 0.45366317, 0.371380568, 0.59609288], [0.470888972, 0.553966641, 0.0667245388, 0.185443655]], "displayNames": ["Relationship", "WeakRelationship", "Relationship", "WeakRelationship", "WeakRelationship", "Relationship", "Entity", "Entity", "Entity", "Entity", "WeakRelationship"], "confidences": [0.999037, 0.99868077, 0.998175859, 0.997503817, 0.996419311, 0.99630934, 0.994905, 0.994882107, 0.99386394, 0.991875529, 0.968097031]}