{"displayNames": ["Entity", "Entity", "Entity", "Entity", "Relationship", "Relationship", "Entity", "Relationship", "Attribute", "Relationship", "Attribute", "Attribute", "Attribute", "Relationship", "Relationship", "Attribute", "Attribute", "Attribute", "Attribute", "Attribute", "Attribute"], "bboxes": [[0.187673673, 0.329483122, 0.0799119473, 0.153036579], [0.186294541, 0.330415308, 0.265818119, 0.351490319], [0.574721158, 0.721903086, 0.220497802, 0.315189481], [0.572849512, 0.721261144, 0.0793894678, 0.155850843], [0.23292017, 0.375068396, 0.795152485, 0.879775584], [0.603816092, 0.693178594, 0.170298293, 0.207549706], [0.169735372, 0.430116355, 0.41729933, 0.616330683], [0.401683062, 0.504442871, 0.0897814706, 0.142844349], [0.338586152, 0.420878768, 0.877767563, 0.922103286], [0.436923593, 0.538690925, 0.240852013, 0.287031263], [0.341512024, 0.425570846, 0.749405921, 0.791188776], [0.181548506, 0.267150789, 0.749165535, 0.792173266], [0.183732674, 0.269197643, 0.877218544, 0.921082079], [0.205139354, 0.310145736, 0.1868691, 0.232274428], [0.755018175, 0.856267, 0.0902476758, 0.14361845], [0.323125392, 0.391941309, 0.19570601, 0.22446847], [0.248328194, 0.358881533, 0.692244, 0.736026824], [0.368267983, 0.428253651, 0.142517701, 0.172350481], [0.476000965, 0.536948562, 0.14282918, 0.171602905], [0.366426259, 0.42518276, 0.0629046187, 0.0915435925], [0.482201755, 0.539224744, 0.0630268, 0.0922051221]], "ids": ["8013721229812826112", "8013721229812826112", "8013721229812826112", "8013721229812826112", "5830319835468267520", "5830319835468267520", "8013721229812826112", "5830319835468267520", "1656608880802660352", "5830319835468267520", "1656608880802660352", "1656608880802660352", "1656608880802660352", "5830319835468267520", "5830319835468267520", "1656608880802660352", "1656608880802660352", "1656608880802660352", "1656608880802660352", "1656608880802660352", "1656608880802660352"], "confidences": [0.999669313, 0.999480307, 0.999164939, 0.99866426, 0.998280644, 0.997900248, 0.99733752, 0.996727228, 0.99503988, 0.994738638, 0.99459815, 0.993912876, 0.991788924, 0.990540624, 0.990314186, 0.989419222, 0.988332, 0.983314037, 0.973409474, 0.972857773, 0.961280763]}