{"confidences": [0.999854684, 0.999850392, 0.999824, 0.99980551, 0.999753416, 0.999730885, 0.999708, 0.999596417, 0.999539375, 0.999538898, 0.999504447, 0.999378443], "displayNames": ["Relationship", "Entity", "Entity", "Relationship", "Entity", "Relationship", "Relationship", "Relationship", "Relationship", "Entity", "Relationship", "Entity"], "ids": ["5830319835468267520", "8013721229812826112", "8013721229812826112", "5830319835468267520", "8013721229812826112", "5830319835468267520", "5830319835468267520", "5830319835468267520", "5830319835468267520", "8013721229812826112", "5830319835468267520", "8013721229812826112"], "bboxes": [[0.239482358, 0.340569228, 0.513917744, 0.552641094], [0.45401141, 0.602293134, 0.152816623, 0.255334586], [0.18889074, 0.340965152, 0.258941293, 0.363354385], [0.640386581, 0.74179709, 0.575848877, 0.617376506], [0.697283804, 0.849653304, 0.266411126, 0.370163023], [0.649513185, 0.749480724, 0.179175377, 0.219113588], [0.303802907, 0.406648487, 0.203875229, 0.243785903], [0.247385, 0.349413246, 0.172867954, 0.211962909], [0.650181174, 0.750533462, 0.380953193, 0.420639455], [0.59083581, 0.741712511, 0.45365873, 0.560802579], [0.427849978, 0.529944837, 0.468919873, 0.508915484], [0.212042809, 0.365468681, 0.381358743, 0.486571968]]}