{"bboxes": [[0.453095078, 0.609908, 0.153216615, 0.256819338], [0.591079, 0.745627463, 0.460295498, 0.560102046], [0.244948521, 0.340829402, 0.514468551, 0.553669], [0.701747358, 0.852766693, 0.268155873, 0.369673848], [0.214569211, 0.367153823, 0.382805258, 0.483909279], [0.64274931, 0.740958929, 0.577291131, 0.617649555], [0.306315869, 0.40577516, 0.203241169, 0.243780524], [0.247698039, 0.352027029, 0.17322357, 0.213410303], [0.194193587, 0.339829177, 0.255896538, 0.363913864], [0.429700434, 0.528732717, 0.470043093, 0.508610904], [0.650649369, 0.748682499, 0.381138384, 0.421838522], [0.649758637, 0.747461, 0.179428145, 0.220179304]], "displayNames": ["Entity", "Entity", "Relationship", "Entity", "Entity", "Relationship", "Relationship", "Relationship", "Entity", "Relationship", "Relationship", "Relationship"], "ids": ["8013721229812826112", "8013721229812826112", "5830319835468267520", "8013721229812826112", "8013721229812826112", "5830319835468267520", "5830319835468267520", "5830319835468267520", "8013721229812826112", "5830319835468267520", "5830319835468267520", "5830319835468267520"], "confidences": [0.999627352, 0.9993788, 0.998683512, 0.998563707, 0.998391211, 0.997284651, 0.996608734, 0.996491969, 0.994868755, 0.994372249, 0.9921152, 0.988896489]}