{"confidences": [0.999933243, 0.999844432, 0.999834061, 0.999831676, 0.999793708, 0.999751866, 0.999713957, 0.9997136, 0.999603927, 0.999504685, 0.999101758], "displayNames": ["Relationship", "Entity", "Relationship", "Relationship", "Relationship", "Relationship", "Relationship", "Entity", "Entity", "Entity", "Entity"], "ids": ["5830319835468267520", "8013721229812826112", "5830319835468267520", "5830319835468267520", "5830319835468267520", "5830319835468267520", "5830319835468267520", "8013721229812826112", "8013721229812826112", "8013721229812826112", "8013721229812826112"], "bboxes": [[0.172020212, 0.281999499, 0.472932965, 0.507435739], [0.126094237, 0.326894969, 0.29611221, 0.43497178], [0.427778155, 0.558246553, 0.315459967, 0.367209435], [0.169176817, 0.285304695, 0.222045258, 0.256113321], [0.161370382, 0.293309599, 0.677628517, 0.730142951], [0.448904783, 0.571452677, 0.225799814, 0.28416115], [0.397891819, 0.494159698, 0.571489811, 0.606815338], [0.555195391, 0.752733886, 0.504607797, 0.641208291], [0.662286341, 0.86093545, 0.289472759, 0.402442098], [0.118186124, 0.313997984, 0.109844163, 0.194526657], [0.122906759, 0.326999366, 0.537640333, 0.649405956]]}