{"bboxes": [[0.127723366, 0.329961151, 0.538412631, 0.649291694], [0.119867295, 0.320814282, 0.109462425, 0.195079163], [0.665113807, 0.863285601, 0.29119572, 0.402568549], [0.162845239, 0.293413818, 0.678500116, 0.730778396], [0.552712798, 0.757619321, 0.504025817, 0.639789462], [0.450121492, 0.57022, 0.225478858, 0.285466462], [0.428007573, 0.557996035, 0.315638483, 0.367085397], [0.39859423, 0.494008154, 0.571446657, 0.606901526], [0.164723516, 0.286584556, 0.222492054, 0.255034268], [0.172447294, 0.281806439, 0.472696304, 0.507688344]], "ids": ["8013721229812826112", "8013721229812826112", "8013721229812826112", "5830319835468267520", "8013721229812826112", "5830319835468267520", "5830319835468267520", "5830319835468267520", "6169160731846508544", "5830319835468267520"], "displayNames": ["Entity", "Entity", "Entity", "Relationship", "Entity", "Relationship", "Relationship", "Relationship", "WeakRelationship", "Relationship"], "confidences": [0.999565303, 0.999536753, 0.999366, 0.999352396, 0.999159, 0.998766184, 0.996774137, 0.996506512, 0.995443344, 0.986826301]}