{"confidences": [0.999943376, 0.999922156, 0.999902844, 0.999865055, 0.999860406, 0.999847293, 0.999838591, 0.99970907], "displayNames": ["Relationship", "Entity", "Entity", "Relationship", "Entity", "Entity", "Entity", "Relationship"], "ids": ["5830319835468267520", "8013721229812826112", "8013721229812826112", "5830319835468267520", "8013721229812826112", "8013721229812826112", "8013721229812826112", "5830319835468267520"], "bboxes": [[0.452174425, 0.579930305, 0.0547095947, 0.146746948], [0.420173824, 0.612282217, 0.178701878, 0.422076762], [0.118071757, 0.309596241, 0.199652672, 0.403243], [0.453336835, 0.582251668, 0.454436541, 0.548887789], [0.210399523, 0.402884245, 0.645749867, 0.878204107], [0.659584045, 0.856018305, 0.465089887, 0.700108647], [0.691361964, 0.879396856, 0.185868114, 0.385018378], [0.474348, 0.60257417, 0.662750304, 0.758304417]]}