{"confidences": [0.999648571, 0.999335945, 0.999276936, 0.999265611, 0.999258697, 0.99897635, 0.998801947, 0.997694671], "bboxes": [[0.453591675, 0.580575943, 0.456285864, 0.548934698], [0.475156844, 0.598861277, 0.665379882, 0.759776592], [0.212055057, 0.40364024, 0.652639866, 0.880520225], [0.424495965, 0.617517591, 0.18270044, 0.418025464], [0.454731554, 0.579571784, 0.0535674915, 0.145217553], [0.656699479, 0.852242053, 0.468779087, 0.716581225], [0.695232511, 0.880601048, 0.186419174, 0.391249], [0.117314078, 0.310897738, 0.198911697, 0.408161163]], "ids": ["5830319835468267520", "5830319835468267520", "8013721229812826112", "8013721229812826112", "5830319835468267520", "8013721229812826112", "8013721229812826112", "8013721229812826112"], "displayNames": ["Relationship", "Relationship", "Entity", "Entity", "Relationship", "Entity", "Entity", "Entity"]}