{"displayNames": ["Entity", "Entity", "Entity", "Entity", "Entity", "Entity", "Relationship", "Entity", "Relationship", "Relationship", "Relationship", "Relationship", "Relationship", "Relationship"], "bboxes": [[0.312395751, 0.415952295, 0.379615247, 0.4656955], [0.307162315, 0.409493625, 0.147103474, 0.212862864], [0.31699428, 0.41335389, 0.269304246, 0.355591148], [0.599220455, 0.693973064, 0.376807392, 0.467806578], [0.698267579, 0.795576155, 0.133161679, 0.226956829], [0.167235866, 0.308760792, 0.616062641, 0.67676425], [0.392331421, 0.539675474, 0.615743697, 0.675384], [0.600079, 0.738733113, 0.566487551, 0.705274701], [0.458957583, 0.559678495, 0.401132137, 0.442277104], [0.449494272, 0.551594913, 0.337581247, 0.378144], [0.522201359, 0.619978309, 0.158840805, 0.200613588], [0.167183176, 0.267848402, 0.410891801, 0.452888578], [0.751791179, 0.851989806, 0.404711604, 0.445484817], [0.391744971, 0.493745387, 0.230498418, 0.270899296]], "confidences": [0.999914289, 0.999908686, 0.999897838, 0.99988091, 0.999867439, 0.999566257, 0.999055684, 0.997938812, 0.996121466, 0.995682836, 0.994479418, 0.99274981, 0.991199911, 0.980207145], "ids": ["8013721229812826112", "8013721229812826112", "8013721229812826112", "8013721229812826112", "8013721229812826112", "8013721229812826112", "5830319835468267520", "8013721229812826112", "5830319835468267520", "5830319835468267520", "5830319835468267520", "5830319835468267520", "5830319835468267520", "5830319835468267520"]}