{"confidences": [0.999134, 0.998918891, 0.998904824, 0.998894274, 0.998789132, 0.998170853, 0.997991323, 0.996559799, 0.996403694, 0.99409157, 0.993422, 0.908966064], "ids": ["8013721229812826112", "8013721229812826112", "5830319835468267520", "8013721229812826112", "8013721229812826112", "5830319835468267520", "8013721229812826112", "5830319835468267520", "5830319835468267520", "5830319835468267520", "5830319835468267520", "1656608880802660352"], "bboxes": [[0.567349, 0.70147711, 0.381191522, 0.745573163], [0.326602489, 0.444776326, 0.390507132, 0.681082487], [0.346575052, 0.425724894, 0.713278055, 0.847842216], [0.814610362, 0.936421871, 0.364008635, 0.634310067], [0.816544712, 0.934296668, 0.0303478297, 0.315558344], [0.119222686, 0.19587253, 0.775062621, 0.914811313], [0.0970079154, 0.216599539, 0.384795725, 0.747491777], [0.466274351, 0.54459852, 0.41950506, 0.556820214], [0.230220795, 0.306140244, 0.421427816, 0.559025109], [0.718564093, 0.795727193, 0.420542687, 0.555884182], [0.671789944, 0.745858252, 0.184209034, 0.321924239], [0.659732223, 0.757754683, 0.0347559862, 0.127873972]], "displayNames": ["Entity", "Entity", "Relationship", "Entity", "Entity", "Relationship", "Entity", "Relationship", "Relationship", "Relationship", "Relationship", "Attribute"]}