{"confidences": [0.999951124, 0.999947309, 0.999928236, 0.999904275, 0.999858379, 0.999841213, 0.999762595, 0.999653459, 0.999334514, 0.998854756, 0.99841392], "displayNames": ["Relationship", "Relationship", "Relationship", "Relationship", "Relationship", "Entity", "Relationship", "Entity", "Entity", "Entity", "Entity"], "ids": ["5830319835468267520", "5830319835468267520", "5830319835468267520", "5830319835468267520", "5830319835468267520", "8013721229812826112", "5830319835468267520", "8013721229812826112", "8013721229812826112", "8013721229812826112", "8013721229812826112"], "bboxes": [[0.391956955, 0.480810642, 0.223557293, 0.258601], [0.120604925, 0.188191608, 0.590785146, 0.61841011], [0.174658611, 0.243049383, 0.281895697, 0.308172047], [0.492961824, 0.562833846, 0.5403229, 0.568044543], [0.391512752, 0.481933, 0.165130526, 0.200849503], [0.240483224, 0.439595193, 0.331079721, 0.468404591], [0.781236529, 0.870475948, 0.44864291, 0.475868821], [0.542551875, 0.742729723, 0.355184346, 0.493921906], [0.542804897, 0.742577374, 0.171505243, 0.284929961], [0.139751956, 0.340778351, 0.138696477, 0.250970811], [0.240048572, 0.438565791, 0.539578617, 0.652493536]]}