{"ids": ["8013721229812826112", "8013721229812826112", "8013721229812826112", "8013721229812826112", "5830319835468267520", "5830319835468267520", "8013721229812826112", "5830319835468267520", "5830319835468267520", "5830319835468267520", "5830319835468267520"], "confidences": [0.998266041, 0.997882426, 0.997852802, 0.99733448, 0.996804953, 0.995661914, 0.99557966, 0.995329618, 0.993173182, 0.991811633, 0.991713166], "bboxes": [[0.23793304, 0.43845883, 0.331497818, 0.46739772], [0.540486753, 0.743249893, 0.356881678, 0.49173671], [0.138006508, 0.341175437, 0.137762487, 0.251252919], [0.238410667, 0.443382531, 0.538940907, 0.652977586], [0.494593084, 0.561421812, 0.542210877, 0.568521082], [0.122790538, 0.189326957, 0.590746582, 0.618165076], [0.541226149, 0.74136138, 0.172045916, 0.284598261], [0.391793102, 0.481426567, 0.16516833, 0.200729087], [0.177925453, 0.242597297, 0.281917, 0.308989137], [0.391862452, 0.479392201, 0.223038301, 0.258804113], [0.781309545, 0.868072033, 0.450110316, 0.47723341]], "displayNames": ["Entity", "Entity", "Entity", "Entity", "Relationship", "Relationship", "Entity", "Relationship", "Relationship", "Relationship", "Relationship"]}