{"confidences": [0.999961734, 0.999957681, 0.999933362, 0.999931335, 0.999927163, 0.99988389, 0.999833941, 0.99976629, 0.999723494, 0.999684334, 0.999448121, 0.999033093, 0.998982728, 0.997669399, 0.996463835], "displayNames": ["Relationship", "Entity", "Relationship", "Relationship", "Relationship", "Entity", "Relationship", "Entity", "Entity", "Entity", "Relationship", "Entity", "Attribute", "Attribute", "Entity"], "ids": ["5830319835468267520", "8013721229812826112", "5830319835468267520", "5830319835468267520", "5830319835468267520", "8013721229812826112", "5830319835468267520", "8013721229812826112", "8013721229812826112", "8013721229812826112", "5830319835468267520", "8013721229812826112", "1656608880802660352", "1656608880802660352", "8013721229812826112"], "bboxes": [[0.245837092, 0.317622751, 0.197351992, 0.225604117], [0.544095516, 0.648495793, 0.343295544, 0.416460484], [0.728421271, 0.800882876, 0.219302014, 0.247268066], [0.691800416, 0.768158436, 0.329333127, 0.361877978], [0.405650347, 0.475332439, 0.307156891, 0.335123628], [0.273761, 0.390317947, 0.332712, 0.401205659], [0.477870196, 0.549982727, 0.118411303, 0.146826297], [0.34659192, 0.483859688, 0.148029059, 0.217341542], [0.612127483, 0.726878, 0.161956519, 0.234907359], [0.616167605, 0.72119838, 0.248170167, 0.319640368], [0.494294196, 0.56248349, 0.187978834, 0.215312421], [0.187642962, 0.506832182, 0.649966419, 0.845704], [0.162269533, 0.221485138, 0.241457641, 0.261934221], [0.175308689, 0.235986054, 0.282690585, 0.301228344], [0.361766458, 0.617535591, 0.476692021, 0.579441488]]}