{"displayNames": ["Entity", "Entity", "Entity", "Entity", "Entity", "Entity", "Entity", "Relationship", "Relationship", "Relationship", "Relationship", "Attribute", "Relationship", "Relationship", "Attribute"], "confidences": [0.999883175, 0.999831796, 0.999507189, 0.999438465, 0.999004185, 0.998593628, 0.998563, 0.996911883, 0.991699815, 0.991256, 0.985526204, 0.981479228, 0.978932679, 0.95263809, 0.921082735], "bboxes": [[0.54283607, 0.651492, 0.342773378, 0.419037879], [0.27527073, 0.39009738, 0.33403483, 0.401393026], [0.616861224, 0.722499073, 0.246822789, 0.320165694], [0.34515968, 0.484870166, 0.14867045, 0.217919603], [0.189893305, 0.505493939, 0.654463053, 0.843273044], [0.36320132, 0.619969547, 0.477844119, 0.57962203], [0.615478277, 0.728066862, 0.162578136, 0.235815018], [0.691719651, 0.767581642, 0.329387665, 0.362220883], [0.730493903, 0.799431741, 0.21915336, 0.247031316], [0.246124655, 0.315992355, 0.198207557, 0.225375921], [0.406433493, 0.473781377, 0.307564497, 0.334778607], [0.163840681, 0.22003682, 0.241925806, 0.261217445], [0.496032894, 0.563698947, 0.188125893, 0.215682104], [0.478296399, 0.549387097, 0.119037226, 0.147249356], [0.178724021, 0.234709769, 0.282836914, 0.301295638]], "ids": ["8013721229812826112", "8013721229812826112", "8013721229812826112", "8013721229812826112", "8013721229812826112", "8013721229812826112", "8013721229812826112", "5830319835468267520", "5830319835468267520", "5830319835468267520", "5830319835468267520", "1656608880802660352", "5830319835468267520", "5830319835468267520", "1656608880802660352"]}