{"confidences": [0.999946, 0.999906778, 0.999886155, 0.999856472, 0.999849319, 0.999833822, 0.99981159, 0.999806345, 0.999755204, 0.999538422, 0.999317884, 0.997986078], "displayNames": ["Entity", "Relationship", "Relationship", "Relationship", "Entity", "Relationship", "Relationship", "Entity", "Relationship", "Relationship", "Entity", "Entity"], "ids": ["8013721229812826112", "5830319835468267520", "5830319835468267520", "5830319835468267520", "8013721229812826112", "5830319835468267520", "5830319835468267520", "8013721229812826112", "5830319835468267520", "5830319835468267520", "8013721229812826112", "8013721229812826112"], "bboxes": [[0.679657757, 0.866535723, 0.0795958191, 0.283539593], [0.502693117, 0.616109312, 0.105415307, 0.184229165], [0.74704653, 0.86236304, 0.351403236, 0.429330587], [0.47189945, 0.586105764, 0.486630797, 0.566594183], [0.251823634, 0.428594857, 0.078942053, 0.246083379], [0.115339935, 0.229436874, 0.152116537, 0.231050253], [0.409790635, 0.525160074, 0.337116688, 0.414123178], [0.256730348, 0.437309, 0.478896946, 0.673641443], [0.122117005, 0.236527085, 0.549004555, 0.627741456], [0.593809903, 0.70608741, 0.396986187, 0.472526312], [0.694199085, 0.877208114, 0.472764939, 0.626681447], [0.696944416, 0.882649243, 0.64560163, 0.799899578]]}