{"bboxes": [[0.256000847, 0.437240154, 0.484398216, 0.670437515], [0.117412776, 0.230588645, 0.153487533, 0.230311036], [0.679809034, 0.866782844, 0.0806233, 0.287049174], [0.594429195, 0.7063151, 0.397993058, 0.474025697], [0.749512196, 0.862127662, 0.350088805, 0.430481791], [0.41040948, 0.522694826, 0.340055346, 0.41502592], [0.502983749, 0.616745174, 0.105237961, 0.185422823], [0.472415328, 0.585742, 0.488503337, 0.567327857], [0.123733208, 0.23837252, 0.548954427, 0.628383815], [0.254523814, 0.428273678, 0.0796547756, 0.247653216], [0.694499731, 0.877862, 0.477304697, 0.628967166], [0.696956396, 0.883962512, 0.645872116, 0.799856842]], "ids": ["8013721229812826112", "5830319835468267520", "8013721229812826112", "5830319835468267520", "5830319835468267520", "5830319835468267520", "5830319835468267520", "5830319835468267520", "5830319835468267520", "8013721229812826112", "8013721229812826112", "8013721229812826112"], "confidences": [0.999868035, 0.999703109, 0.99956888, 0.999159098, 0.999123514, 0.999086738, 0.99901545, 0.998717546, 0.998558, 0.998118699, 0.998095572, 0.996148229], "displayNames": ["Entity", "Relationship", "Entity", "Relationship", "Relationship", "Relationship", "Relationship", "Relationship", "Relationship", "Entity", "Entity", "Entity"]}