{"confidences": [0.999634385, 0.99959749, 0.999315262, 0.999149084, 0.998871744, 0.998201847, 0.997785449, 0.997778833, 0.997613072, 0.997125685, 0.996256709], "bboxes": [[0.397423923, 0.524716854, 0.303792119, 0.354793251], [0.487221628, 0.624188185, 0.364437044, 0.417279959], [0.695473611, 0.904664814, 0.225026608, 0.367801428], [0.169894964, 0.375432521, 0.248030394, 0.39079991], [0.635031641, 0.772376657, 0.123766862, 0.178914368], [0.697429061, 0.868867517, 0.522617042, 0.666046202], [0.527486384, 0.66341722, 0.254300267, 0.307411164], [0.690525055, 0.828022838, 0.412757665, 0.465461224], [0.48588106, 0.646480858, 0.42739594, 0.571831882], [0.656962097, 0.791502059, 0.721289873, 0.775482893], [0.42310223, 0.582935929, 0.108273625, 0.253392607]], "displayNames": ["Relationship", "Relationship", "Entity", "Entity", "Relationship", "Entity", "Relationship", "Relationship", "Entity", "Relationship", "Entity"], "ids": ["5830319835468267520", "5830319835468267520", "8013721229812826112", "8013721229812826112", "5830319835468267520", "8013721229812826112", "5830319835468267520", "5830319835468267520", "8013721229812826112", "5830319835468267520", "8013721229812826112"]}