{"confidences": [0.999973178, 0.9998945, 0.99986577, 0.999844074, 0.999835253, 0.999797285, 0.999772727, 0.999636173, 0.999633431, 0.999612868, 0.999439418], "displayNames": ["Relationship", "Relationship", "Relationship", "Relationship", "Entity", "Relationship", "Entity", "Entity", "Entity", "Entity", "Relationship"], "ids": ["5830319835468267520", "5830319835468267520", "5830319835468267520", "5830319835468267520", "8013721229812826112", "5830319835468267520", "8013721229812826112", "8013721229812826112", "8013721229812826112", "8013721229812826112", "5830319835468267520"], "bboxes": [[0.48444581, 0.625520766, 0.363927931, 0.416690797], [0.633611679, 0.770795524, 0.124392502, 0.177774698], [0.39586243, 0.527698696, 0.301785767, 0.354315698], [0.655666351, 0.791670918, 0.720847249, 0.776235938], [0.421234876, 0.58108288, 0.107835896, 0.252510875], [0.525513351, 0.662813902, 0.254743725, 0.307116359], [0.696562469, 0.904112279, 0.223229, 0.36733532], [0.484070539, 0.644686043, 0.42551738, 0.56921792], [0.69428575, 0.867346406, 0.520342708, 0.665200591], [0.173120677, 0.367999554, 0.246870369, 0.390723795], [0.689897537, 0.828870475, 0.412589788, 0.46516341]]}