{"ids": ["8013721229812826112", "8013721229812826112", "8013721229812826112", "8013721229812826112", "5830319835468267520", "8013721229812826112", "8013721229812826112", "5830319835468267520", "5830319835468267520", "5830319835468267520", "5830319835468267520", "5830319835468267520", "5830319835468267520"], "bboxes": [[0.329749435, 0.463244438, 0.21493502, 0.28775394], [0.117871448, 0.344708592, 0.582977831, 0.739696324], [0.136393204, 0.272173852, 0.35598594, 0.444296837], [0.136668, 0.269245118, 0.170977682, 0.245058417], [0.513607562, 0.67282325, 0.488049746, 0.547570229], [0.634494126, 0.768906176, 0.267788231, 0.35954], [0.5850963, 0.718566716, 0.120363221, 0.211181358], [0.373992711, 0.459364057, 0.110820264, 0.143523693], [0.373222232, 0.457248747, 0.153571531, 0.187134728], [0.814322889, 0.884733558, 0.302474022, 0.336664617], [0.145433769, 0.232350528, 0.274373353, 0.308636904], [0.494348466, 0.579562664, 0.263471067, 0.297569513], [0.503472567, 0.592995167, 0.208202034, 0.243082941]], "displayNames": ["Entity", "Entity", "Entity", "Entity", "Relationship", "Entity", "Entity", "Relationship", "Relationship", "Relationship", "Relationship", "Relationship", "Relationship"], "confidences": [0.999955177, 0.99987483, 0.999869943, 0.999721944, 0.999619722, 0.9994, 0.99939394, 0.998687208, 0.996630847, 0.994923651, 0.994653821, 0.991369605, 0.988769174]}