{"confidences": [0.999984, 0.999973893, 0.999952078, 0.999950171, 0.99993968, 0.999927282, 0.999920964, 0.999907851, 0.999892235, 0.999889255, 0.999854684, 0.999835968, 0.999768555], "displayNames": ["Entity", "Entity", "Relationship", "Entity", "Entity", "Entity", "Relationship", "Relationship", "Relationship", "Relationship", "Relationship", "Relationship", "Entity"], "ids": ["8013721229812826112", "8013721229812826112", "5830319835468267520", "8013721229812826112", "8013721229812826112", "8013721229812826112", "5830319835468267520", "5830319835468267520", "5830319835468267520", "5830319835468267520", "5830319835468267520", "5830319835468267520", "8013721229812826112"], "bboxes": [[0.135323, 0.268005729, 0.169943631, 0.244303137], [0.328946471, 0.458814174, 0.213224769, 0.288720191], [0.144087732, 0.2339762, 0.274090499, 0.308857], [0.136696085, 0.269104123, 0.355043411, 0.447328389], [0.584133923, 0.715732694, 0.120197847, 0.211850718], [0.116449028, 0.344760835, 0.580432415, 0.738161922], [0.372455895, 0.458116323, 0.153708309, 0.187342942], [0.814457417, 0.886978447, 0.302095473, 0.336164713], [0.512321413, 0.674287736, 0.486332089, 0.547553], [0.494036704, 0.581221521, 0.262887, 0.297724], [0.500742495, 0.594684064, 0.207741648, 0.242746681], [0.372533053, 0.458569735, 0.110009849, 0.144199699], [0.635831475, 0.76495409, 0.266606152, 0.358434021]]}