{"confidences": [0.999862313, 0.99986136, 0.999857306, 0.999825299, 0.999789059, 0.999735177, 0.9997136, 0.999635458, 0.999559939, 0.999544442, 0.99941957, 0.99902451], "displayNames": ["Relationship", "Entity", "Relationship", "Relationship", "Relationship", "Entity", "Entity", "Relationship", "Entity", "Entity", "Relationship", "Attribute"], "ids": ["5830319835468267520", "8013721229812826112", "5830319835468267520", "5830319835468267520", "5830319835468267520", "8013721229812826112", "8013721229812826112", "5830319835468267520", "8013721229812826112", "8013721229812826112", "5830319835468267520", "1656608880802660352"], "bboxes": [[0.353551239, 0.461117953, 0.282178611, 0.328255147], [0.666962504, 0.803534806, 0.223223656, 0.2957789], [0.576453626, 0.669247329, 0.286053538, 0.32375741], [0.0910442397, 0.182659686, 0.37315765, 0.409721], [0.807646871, 0.901159346, 0.356568873, 0.392149508], [0.222898617, 0.36264205, 0.441172659, 0.519211709], [0.225260586, 0.361820936, 0.22805573, 0.290179729], [0.858334184, 0.953073263, 0.232643172, 0.269305527], [0.672984362, 0.808897078, 0.435705036, 0.531128943], [0.436746925, 0.583033681, 0.354604274, 0.468237787], [0.852592826, 0.94505, 0.488572568, 0.524060249], [0.0303057823, 0.10775163, 0.425399214, 0.450761527]]}