{"ids": ["8013721229812826112", "8013721229812826112", "8013721229812826112", "8013721229812826112", "5830319835468267520", "6169160731846508544", "5830319835468267520", "5830319835468267520", "5830319835468267520", "5830319835468267520", "1656608880802660352"], "displayNames": ["Entity", "Entity", "Entity", "Entity", "Relationship", "WeakRelationship", "Relationship", "Relationship", "Relationship", "Relationship", "Attribute"], "bboxes": [[0.672330379, 0.815517604, 0.438358873, 0.530090153], [0.226272941, 0.362724245, 0.442003846, 0.521351755], [0.226206794, 0.359264791, 0.230349839, 0.290322483], [0.666814148, 0.804471493, 0.223608762, 0.296598583], [0.0931689963, 0.181830496, 0.373113066, 0.409576803], [0.347307652, 0.46207729, 0.281877339, 0.330039263], [0.8606686, 0.95122391, 0.232273191, 0.269001216], [0.853496909, 0.945574939, 0.489036053, 0.525985777], [0.578129292, 0.66653806, 0.286591142, 0.323515683], [0.809309125, 0.898571432, 0.355163187, 0.392568618], [0.0289432574, 0.108511426, 0.425727159, 0.452133626]], "confidences": [0.999811113, 0.999769866, 0.999718487, 0.999655366, 0.999061882, 0.998812795, 0.993987322, 0.993620694, 0.992341638, 0.991791, 0.974107444]}