{"bboxes": [[0.115777276, 0.328842431, 0.596150279, 0.813250303], [0.462988734, 0.521667778, 0.31908384, 0.383429885], [0.162009671, 0.229955807, 0.868774474, 0.973408759], [0.143529817, 0.205269322, 0.244042933, 0.33088097], [0.38599363, 0.598162174, 0.0816867352, 0.303123742], [0.117307737, 0.321150243, 0.370359868, 0.538177788], [0.385987103, 0.595597625, 0.399009824, 0.57871455], [0.396961212, 0.462167025, 0.662872791, 0.768105328], [0.223258704, 0.283636302, 0.243934363, 0.325550735], [0.117439821, 0.326173365, 0.0830223262, 0.222637117], [0.611174226, 0.677353501, 0.42567727, 0.526076615], [0.323481023, 0.389346302, 0.0110313809, 0.117776871]], "displayNames": ["Entity", "Relationship", "Relationship", "Relationship", "Entity", "Entity", "Entity", "Relationship", "Relationship", "Entity", "Relationship", "Relationship"], "confidences": [0.999706, 0.999493957, 0.999423385, 0.999368489, 0.999349892, 0.999336064, 0.999322653, 0.999139428, 0.998778284, 0.998353243, 0.998165429, 0.997373462], "ids": ["8013721229812826112", "5830319835468267520", "5830319835468267520", "5830319835468267520", "8013721229812826112", "8013721229812826112", "8013721229812826112", "5830319835468267520", "5830319835468267520", "8013721229812826112", "5830319835468267520", "5830319835468267520"]}