{"ids": ["8013721229812826112", "8013721229812826112", "8013721229812826112", "8013721229812826112", "8013721229812826112", "5830319835468267520", "5830319835468267520", "5830319835468267520", "5830319835468267520", "5830319835468267520", "1656608880802660352", "5830319835468267520"], "confidences": [0.999956369, 0.999936819, 0.999917507, 0.999917388, 0.999829173, 0.997206032, 0.996603966, 0.994957507, 0.994464219, 0.993070543, 0.989585459, 0.980842352], "displayNames": ["Entity", "Entity", "Entity", "Entity", "Entity", "Relationship", "Relationship", "Relationship", "Relationship", "Relationship", "Attribute", "Relationship"], "bboxes": [[0.623601, 0.74539876, 0.309087336, 0.37096411], [0.433907956, 0.554212809, 0.300058365, 0.361824095], [0.458887905, 0.580914557, 0.460353404, 0.536896825], [0.119308688, 0.23672767, 0.343127877, 0.415807694], [0.648899436, 0.771842, 0.13804768, 0.213366404], [0.4788495, 0.560182631, 0.396225303, 0.42527017], [0.303714544, 0.382332087, 0.36403814, 0.391369432], [0.799131215, 0.880862117, 0.334979802, 0.365940422], [0.505008936, 0.586542487, 0.178480715, 0.208282888], [0.643205285, 0.724545717, 0.42887184, 0.458572358], [0.310200244, 0.374572843, 0.32020548, 0.343010336], [0.690066457, 0.767701805, 0.234254569, 0.263433069]]}