{"confidences": [0.999979, 0.99997592, 0.999961734, 0.999955654, 0.999899, 0.999876, 0.999865413, 0.999788105, 0.999747097, 0.999687672, 0.999597], "displayNames": ["Entity", "Entity", "Entity", "Entity", "Relationship", "Relationship", "Entity", "Relationship", "Relationship", "Relationship", "Relationship"], "ids": ["8013721229812826112", "8013721229812826112", "8013721229812826112", "8013721229812826112", "5830319835468267520", "5830319835468267520", "8013721229812826112", "5830319835468267520", "5830319835468267520", "5830319835468267520", "5830319835468267520"], "bboxes": [[0.233288512, 0.327136576, 0.520236254, 0.591950059], [0.23200278, 0.326802194, 0.337014, 0.415022403], [0.674257576, 0.768968225, 0.519177139, 0.591751158], [0.475094467, 0.570449889, 0.389304101, 0.467404306], [0.368056118, 0.429597467, 0.360081434, 0.398106039], [0.249898016, 0.305247843, 0.450511247, 0.489114434], [0.476511508, 0.568143666, 0.22525017, 0.284023762], [0.716567576, 0.783952534, 0.217212185, 0.269628465], [0.4489941, 0.503358781, 0.536991835, 0.573820353], [0.613725364, 0.682207108, 0.39927128, 0.451735884], [0.250745326, 0.303569198, 0.604569852, 0.641648114]]}