{"confidences": [0.999971747, 0.999941349, 0.999933362, 0.999910116, 0.999801219, 0.999660969, 0.999375165, 0.998798251, 0.998645961, 0.998018384, 0.99784112], "bboxes": [[0.235867634, 0.326806664, 0.340733021, 0.413928539], [0.237728313, 0.326712757, 0.521253943, 0.593113184], [0.676758468, 0.767993748, 0.521178365, 0.592317581], [0.478403866, 0.569773793, 0.391843706, 0.466862291], [0.479180545, 0.567966819, 0.225247, 0.285598308], [0.449100971, 0.501893, 0.538094282, 0.575212359], [0.25194478, 0.302084804, 0.605606437, 0.642583966], [0.36820215, 0.428498954, 0.359338254, 0.398401052], [0.613086343, 0.681167543, 0.398150802, 0.452477694], [0.249235675, 0.304355919, 0.452552199, 0.488944769], [0.715588629, 0.781942427, 0.217168272, 0.270199805]], "ids": ["8013721229812826112", "8013721229812826112", "8013721229812826112", "8013721229812826112", "8013721229812826112", "5830319835468267520", "5830319835468267520", "5830319835468267520", "5830319835468267520", "5830319835468267520", "5830319835468267520"], "displayNames": ["Entity", "Entity", "Entity", "Entity", "Entity", "Relationship", "Relationship", "Relationship", "Relationship", "Relationship", "Relationship"]}