{"confidences": [0.999721587, 0.999297, 0.999270499, 0.999223471, 0.99921608, 0.998901606, 0.998381, 0.998366892, 0.997634649, 0.997430384], "displayNames": ["Entity", "Entity", "Relationship", "Entity", "Relationship", "Entity", "Relationship", "Relationship", "Entity", "Relationship"], "ids": ["8013721229812826112", "8013721229812826112", "5830319835468267520", "8013721229812826112", "5830319835468267520", "8013721229812826112", "5830319835468267520", "5830319835468267520", "8013721229812826112", "5830319835468267520"], "bboxes": [[0.469641238, 0.741589844, 0.526303887, 0.649899], [0.749069452, 0.972265363, 0.717821658, 0.861056149], [0.247240961, 0.388799399, 0.190012708, 0.247873589], [0.747486949, 0.947465718, 0.237679631, 0.395914048], [0.328652799, 0.470425278, 0.381497085, 0.437351584], [0.0, 0.217047, 0.297272384, 0.424705327], [0.788223922, 0.930502534, 0.499590576, 0.556622803], [0.646645486, 0.791301489, 0.154518, 0.209694967], [0.428896487, 0.620477736, 0.151865631, 0.306287706], [0.682554722, 0.825484872, 0.925940156, 0.982417464]]}