{"confidences": [0.999840379, 0.999833345, 0.999829412, 0.999785125, 0.999754488, 0.999727786, 0.99968791, 0.999669075, 0.999657154, 0.999504685], "displayNames": ["Relationship", "Relationship", "Relationship", "Entity", "Entity", "Entity", "Relationship", "Relationship", "Entity", "Entity"], "ids": ["5830319835468267520", "5830319835468267520", "5830319835468267520", "8013721229812826112", "8013721229812826112", "8013721229812826112", "5830319835468267520", "5830319835468267520", "8013721229812826112", "8013721229812826112"], "bboxes": [[0.247804686, 0.387728959, 0.189363256, 0.247048], [0.681213081, 0.827155054, 0.925744772, 0.98261261], [0.328224659, 0.471936, 0.379116118, 0.437168539], [0.746070325, 0.94305557, 0.234386325, 0.395820558], [0.428312868, 0.615634322, 0.150223166, 0.306625187], [0.469959021, 0.742992699, 0.52230674, 0.650506079], [0.646255255, 0.790955, 0.15248324, 0.210052088], [0.785848677, 0.932086587, 0.498077095, 0.555556], [0.00104561285, 0.216212958, 0.296180129, 0.421358109], [0.748692, 0.969061792, 0.714585602, 0.858892739]]}