{"displayNames": ["Entity", "Entity", "Entity", "Relationship", "Entity", "Relationship", "Relationship", "Relationship", "Relationship", "Entity", "Relationship", "Relationship"], "ids": ["8013721229812826112", "8013721229812826112", "8013721229812826112", "5830319835468267520", "8013721229812826112", "5830319835468267520", "5830319835468267520", "5830319835468267520", "5830319835468267520", "8013721229812826112", "5830319835468267520", "5830319835468267520"], "confidences": [0.999905467, 0.999541402, 0.999299407, 0.999209762, 0.999085546, 0.997436225, 0.996967852, 0.996212959, 0.994347274, 0.991063356, 0.987757802, 0.97800833], "bboxes": [[0.199697196, 0.31927368, 0.370166898, 0.454233408], [0.491173118, 0.640479386, 0.375440985, 0.466777], [0.280035853, 0.482058704, 0.197728351, 0.283681661], [0.138328448, 0.281114101, 0.27489239, 0.340522528], [0.707962394, 0.864476144, 0.219557151, 0.325027823], [0.554147899, 0.679746926, 0.153201491, 0.209013432], [0.502643645, 0.622291088, 0.483105272, 0.539766252], [0.671066463, 0.760591507, 0.427061319, 0.467481017], [0.681764483, 0.753224373, 0.351967335, 0.383657038], [0.770272, 0.946752548, 0.367903829, 0.493778527], [0.544584155, 0.611026585, 0.314908504, 0.346216142], [0.319356948, 0.446724743, 0.317865938, 0.376742333]]}