{"bboxes": [[0.0843323246, 0.204102248, 0.352181554, 0.44334197], [0.150831059, 0.280443221, 0.507597089, 0.63221252], [0.706883192, 0.968509197, 0.277109712, 0.400430173], [0.357599407, 0.473716825, 0.373386145, 0.419758677], [0.531036675, 0.646506131, 0.290325731, 0.338586539], [0.260276496, 0.378297657, 0.449242324, 0.495208353], [0.337461084, 0.453703582, 0.56399554, 0.611354172], [0.517902195, 0.670175, 0.508312523, 0.602395833], [0.267348051, 0.46671927, 0.244960383, 0.350316942], [0.0105505129, 0.126655921, 0.552376866, 0.599219203], [0.703763068, 0.818497896, 0.538507819, 0.586669683], [0.675130129, 0.793016255, 0.434212476, 0.480493575]], "confidences": [0.999921679, 0.999426842, 0.999126613, 0.998736322, 0.998621, 0.998556077, 0.998497963, 0.998172879, 0.997948229, 0.997637391, 0.996969879, 0.995046377], "ids": ["8013721229812826112", "8013721229812826112", "8013721229812826112", "5830319835468267520", "5830319835468267520", "5830319835468267520", "5830319835468267520", "8013721229812826112", "8013721229812826112", "5830319835468267520", "5830319835468267520", "5830319835468267520"], "displayNames": ["Entity", "Entity", "Entity", "Relationship", "Relationship", "Relationship", "Relationship", "Entity", "Entity", "Relationship", "Relationship", "Relationship"]}