{"confidences": [0.999853849, 0.999827623, 0.999742329, 0.999713838, 0.999688625, 0.999637246, 0.999608457, 0.999551594, 0.999536037, 0.99948597, 0.999455035, 0.999452651, 0.999083757, 0.998850226], "displayNames": ["Attribute", "Entity", "Entity", "Relationship", "Entity", "Attribute", "Relationship", "Relationship", "Relationship", "Relationship", "Entity", "Attribute", "Attribute", "Relationship"], "ids": ["1656608880802660352", "8013721229812826112", "8013721229812826112", "5830319835468267520", "8013721229812826112", "1656608880802660352", "5830319835468267520", "5830319835468267520", "5830319835468267520", "5830319835468267520", "8013721229812826112", "1656608880802660352", "1656608880802660352", "5830319835468267520"], "bboxes": [[0.493422031, 0.625084639, 0.0319657847, 0.092101872], [0.0621384084, 0.301316798, 0.213911861, 0.410940826], [0.170838207, 0.40770027, 0.670470595, 0.865203798], [0.8413257, 0.960155666, 0.41526705, 0.505545557], [0.633358896, 0.874814332, 0.196778983, 0.395914], [0.353951812, 0.483982444, 0.0318555348, 0.0934200361], [0.780525506, 0.933734715, 0.913908, 0.999869645], [0.573964596, 0.681325912, 0.472638279, 0.560425758], [0.408583164, 0.565429807, 0.116994232, 0.20716992], [0.236678049, 0.343463182, 0.515989125, 0.602214813], [0.586217225, 0.823404968, 0.648031712, 0.885404527], [0.209809065, 0.345514715, 0.0319239832, 0.0954792276], [0.634101868, 0.76756, 0.0316888914, 0.0953010395], [0.0545916259, 0.159066454, 0.514686227, 0.604411781]]}