{"confidences": [0.999520779, 0.999325752, 0.999078393, 0.998673081, 0.998546541, 0.998195946, 0.998005688, 0.997444034, 0.99731195, 0.996792376, 0.996734262, 0.996379435, 0.995346963, 0.995248616], "displayNames": ["Entity", "Entity", "Entity", "Relationship", "Relationship", "Relationship", "Relationship", "Relationship", "Attribute", "Entity", "Relationship", "Attribute", "Attribute", "Attribute"], "ids": ["8013721229812826112", "8013721229812826112", "8013721229812826112", "5830319835468267520", "5830319835468267520", "5830319835468267520", "5830319835468267520", "5830319835468267520", "1656608880802660352", "8013721229812826112", "5830319835468267520", "1656608880802660352", "1656608880802660352", "1656608880802660352"], "bboxes": [[0.171612144, 0.408556461, 0.673483789, 0.862713575], [0.0631006211, 0.30141294, 0.215872079, 0.409287304], [0.636222184, 0.872665823, 0.20073244, 0.397359073], [0.238271207, 0.340420216, 0.519075036, 0.604857385], [0.782176495, 0.930330753, 0.915891945, 0.999653399], [0.842810512, 0.958982825, 0.416637778, 0.505248], [0.576737404, 0.680572152, 0.476009786, 0.561437964], [0.0546168871, 0.157480583, 0.518757224, 0.60442549], [0.493817836, 0.622943759, 0.0336281136, 0.0924162], [0.588819802, 0.821933687, 0.652826905, 0.886370063], [0.411127806, 0.563632488, 0.117513314, 0.206784368], [0.354112417, 0.482990533, 0.0337150693, 0.0929803327], [0.211157292, 0.342698663, 0.0331614688, 0.0945418105], [0.631096721, 0.766253, 0.0329319313, 0.0933542699]]}