{"confidences": [0.999954581, 0.999918461, 0.999915361, 0.99982965, 0.999813616, 0.999811471, 0.999809444, 0.999754488, 0.999752, 0.998982728, 0.994913816], "displayNames": ["Relationship", "Relationship", "Entity", "Relationship", "Entity", "Relationship", "Entity", "Relationship", "Entity", "Relationship", "Entity"], "ids": ["5830319835468267520", "5830319835468267520", "8013721229812826112", "5830319835468267520", "8013721229812826112", "5830319835468267520", "8013721229812826112", "5830319835468267520", "8013721229812826112", "5830319835468267520", "8013721229812826112"], "bboxes": [[0.246814653, 0.307470173, 0.550189376, 0.575108886], [0.707694113, 0.777458251, 0.618271649, 0.669083416], [0.180362225, 0.326895118, 0.443517089, 0.515998363], [0.352028489, 0.41064623, 0.44834739, 0.482157826], [0.222698256, 0.353782624, 0.582363844, 0.659439564], [0.591259539, 0.667352319, 0.525764227, 0.561198115], [0.42476809, 0.572634578, 0.441676497, 0.542499661], [0.24615775, 0.328864813, 0.813160539, 0.844269276], [0.23075819, 0.355494589, 0.693453968, 0.794331133], [0.368887335, 0.416249931, 0.665665388, 0.711894035], [0.434471339, 0.607542336, 0.561752141, 0.670639336]]}