{"ids": ["8013721229812826112", "8013721229812826112", "8013721229812826112", "5830319835468267520", "6169160731846508544", "6169160731846508544", "5830319835468267520", "6169160731846508544", "6169160731846508544", "5830319835468267520", "718679282821365760", "718679282821365760"], "confidences": [0.999901652, 0.999867439, 0.999076486, 0.998622417, 0.998405278, 0.998192728, 0.99642688, 0.994104207, 0.993564785, 0.993128777, 0.963488638, 0.932676375], "bboxes": [[0.183929622, 0.327489376, 0.444788277, 0.516740441], [0.22260654, 0.35304153, 0.58391577, 0.659580886], [0.232050136, 0.354415715, 0.695337, 0.793771923], [0.247475579, 0.32857281, 0.813979149, 0.844538927], [0.58945924, 0.661879957, 0.525977969, 0.561775088], [0.706261098, 0.773746252, 0.617248654, 0.670233369], [0.337804884, 0.404598445, 0.559625804, 0.589873731], [0.34896481, 0.409247458, 0.448274046, 0.480880588], [0.369381726, 0.415025741, 0.66300559, 0.714699745], [0.248810768, 0.306344092, 0.550479531, 0.575845957], [0.427530855, 0.612098694, 0.55218792, 0.678245425], [0.413037956, 0.586381, 0.428394884, 0.550178]], "displayNames": ["Entity", "Entity", "Entity", "Relationship", "WeakRelationship", "WeakRelationship", "Relationship", "WeakRelationship", "WeakRelationship", "Relationship", "WeakEntity", "WeakEntity"]}