{"confidences": [0.999679685, 0.999679327, 0.999561, 0.999371469, 0.997015476, 0.996219695, 0.995352268, 0.994338214, 0.994229078, 0.992919624, 0.928002298], "displayNames": ["Entity", "Entity", "Entity", "Entity", "Relationship", "Relationship", "Relationship", "Relationship", "Relationship", "Relationship", "Entity"], "bboxes": [[0.704459488, 0.85765183, 0.408715159, 0.473234326], [0.162748113, 0.313308477, 0.406932354, 0.458519578], [0.435241133, 0.586564302, 0.409730583, 0.483452171], [0.268036664, 0.417100638, 0.522516966, 0.582222223], [0.615929246, 0.66286552, 0.421814471, 0.463395864], [0.628202, 0.685604572, 0.602190077, 0.646442235], [0.337156028, 0.384392679, 0.457033366, 0.497649878], [0.346897095, 0.394803017, 0.417311788, 0.456235409], [0.624741256, 0.673383415, 0.5015921, 0.541490138], [0.872860074, 0.928186655, 0.478672415, 0.52365303], [0.431405067, 0.572454214, 0.581871212, 0.654785216]], "ids": ["8013721229812826112", "8013721229812826112", "8013721229812826112", "8013721229812826112", "5830319835468267520", "5830319835468267520", "5830319835468267520", "5830319835468267520", "5830319835468267520", "5830319835468267520", "8013721229812826112"]}