{"bboxes": [[0.503084242, 0.74501884, 0.46022898, 0.623172462], [0.211650595, 0.449161559, 0.142082423, 0.304657757], [0.102862298, 0.262096316, 0.622541964, 0.683446705], [0.0562373884, 0.2967875, 0.429508507, 0.595703304], [0.497522563, 0.744092643, 0.733197868, 0.920213759], [0.685541809, 0.92612344, 0.232472658, 0.397419274], [0.383861601, 0.540008068, 0.338513255, 0.401397228], [0.480183452, 0.632288873, 0.169576824, 0.228605628], [0.0613873266, 0.300027788, 0.763513446, 0.89590013], [0.32307443, 0.479675, 0.654017448, 0.716238856]], "confidences": [0.999862909, 0.999729931, 0.999545276, 0.99947983, 0.999207795, 0.999166131, 0.999082088, 0.998968482, 0.998961329, 0.99887532], "ids": ["8013721229812826112", "8013721229812826112", "5830319835468267520", "8013721229812826112", "8013721229812826112", "8013721229812826112", "5830319835468267520", "5830319835468267520", "8013721229812826112", "5830319835468267520"], "displayNames": ["Entity", "Entity", "Relationship", "Entity", "Entity", "Entity", "Relationship", "Relationship", "Entity", "Relationship"]}