{"bboxes": [[0.00354557554, 0.142709807, 0.252806306, 0.310807228], [0.108213052, 0.336781293, 0.551941216, 0.685004771], [0.6291219, 0.851362, 0.552338779, 0.684983552], [0.481779069, 0.627973318, 0.226352945, 0.283036619], [0.410750747, 0.554780722, 0.593957424, 0.651138783], [0.103519581, 0.321730196, 0.0791202337, 0.166820168], [0.35844022, 0.502829432, 0.0936688259, 0.153073072], [0.604806721, 0.831126928, 0.0530959964, 0.196494311], [0.264687836, 0.486779362, 0.316960752, 0.42975837], [0.774866939, 0.917472243, 0.271085501, 0.328076124], [0.418431133, 0.542151153, 0.534331381, 0.574473083]], "ids": ["5830319835468267520", "8013721229812826112", "8013721229812826112", "5830319835468267520", "5830319835468267520", "8013721229812826112", "5830319835468267520", "8013721229812826112", "8013721229812826112", "5830319835468267520", "1656608880802660352"], "displayNames": ["Relationship", "Entity", "Entity", "Relationship", "Relationship", "Entity", "Relationship", "Entity", "Entity", "Relationship", "Attribute"], "confidences": [0.999630094, 0.999376237, 0.998957396, 0.99882549, 0.998628736, 0.998538375, 0.998461127, 0.998351336, 0.997856796, 0.997710586, 0.986054718]}