{"confidences": [0.999864817, 0.999743402, 0.999629259, 0.999412656, 0.999224424, 0.999127448, 0.999124, 0.999084473, 0.998645961, 0.998547852, 0.998372495, 0.998351932], "displayNames": ["Entity", "Entity", "Relationship", "Relationship", "Relationship", "Relationship", "Relationship", "Relationship", "Relationship", "Entity", "Entity", "Entity"], "ids": ["8013721229812826112", "8013721229812826112", "5830319835468267520", "5830319835468267520", "5830319835468267520", "5830319835468267520", "5830319835468267520", "5830319835468267520", "5830319835468267520", "8013721229812826112", "8013721229812826112", "8013721229812826112"], "bboxes": [[0.478646308, 0.698468924, 0.53272891, 0.680089], [0.664885283, 0.876246274, 0.291871, 0.440222442], [0.285635948, 0.429804265, 0.242192358, 0.298832923], [0.286353648, 0.430106044, 0.181263223, 0.236560211], [0.304303437, 0.447918922, 0.349386, 0.405918747], [0.435024887, 0.577367961, 0.391038746, 0.447046369], [0.316612542, 0.458710283, 0.450543553, 0.506141424], [0.730415702, 0.869197428, 0.596777678, 0.65214169], [0.728643656, 0.87186718, 0.198865086, 0.256029546], [0.0181618184, 0.235607177, 0.321714312, 0.460573524], [0.0176347625, 0.233423248, 0.153211132, 0.303949773], [0.444593221, 0.666705787, 0.0528168902, 0.194922686]]}