{"confidences": [0.99990654, 0.999901533, 0.999889255, 0.999859452, 0.9998523, 0.999843478, 0.999827385, 0.999729931, 0.999729574, 0.999695897, 0.999633431, 0.999567926], "displayNames": ["Entity", "Relationship", "Entity", "Relationship", "Relationship", "Relationship", "Entity", "Relationship", "Relationship", "Entity", "Entity", "Relationship"], "ids": ["8013721229812826112", "5830319835468267520", "8013721229812826112", "5830319835468267520", "5830319835468267520", "5830319835468267520", "8013721229812826112", "5830319835468267520", "5830319835468267520", "8013721229812826112", "8013721229812826112", "5830319835468267520"], "bboxes": [[0.0176239796, 0.232299492, 0.152103901, 0.301429898], [0.283857763, 0.430551499, 0.180611342, 0.236790329], [0.447181463, 0.670670688, 0.050715819, 0.195078447], [0.284825742, 0.429387927, 0.241934806, 0.298607737], [0.315342784, 0.460116237, 0.446699977, 0.506667733], [0.302081496, 0.447692186, 0.346055329, 0.405216813], [0.018458901, 0.233241037, 0.318934947, 0.463094503], [0.728801489, 0.872185, 0.593535841, 0.650688708], [0.727240622, 0.871902585, 0.198345676, 0.256553948], [0.663588047, 0.873596251, 0.288153648, 0.439885318], [0.477210104, 0.696721673, 0.528557, 0.679560483], [0.433666497, 0.57943505, 0.388435274, 0.44588986]]}