{"confidences": [0.999838114, 0.999809325, 0.999770463, 0.999720395, 0.99966073, 0.99965, 0.999547064, 0.999540687, 0.99953866, 0.99952364, 0.999521613, 0.998161256, 0.997764], "displayNames": ["Entity", "Entity", "Relationship", "Attribute", "Relationship", "Relationship", "Relationship", "Relationship", "Entity", "Relationship", "Entity", "Attribute", "Entity"], "ids": ["8013721229812826112", "8013721229812826112", "5830319835468267520", "1656608880802660352", "5830319835468267520", "5830319835468267520", "5830319835468267520", "5830319835468267520", "8013721229812826112", "5830319835468267520", "8013721229812826112", "1656608880802660352", "8013721229812826112"], "bboxes": [[0.194404438, 0.363871306, 0.156540602, 0.255771965], [0.418107778, 0.587861896, 0.394367337, 0.469756424], [0.168621063, 0.282798201, 0.714948952, 0.759567678], [0.663571775, 0.758617461, 0.477888614, 0.509094298], [0.304194361, 0.418113142, 0.30529806, 0.349519461], [0.549525917, 0.657586575, 0.505588531, 0.551662564], [0.160512611, 0.273972094, 0.352941811, 0.398004293], [0.45784539, 0.570675731, 0.17259407, 0.217168421], [0.199497223, 0.373491257, 0.555587351, 0.670722663], [0.511776388, 0.624280095, 0.311781496, 0.356564373], [0.653727233, 0.823031187, 0.31787464, 0.434605509], [0.690445244, 0.788199782, 0.51474452, 0.546550751], [0.607430637, 0.780008078, 0.574739277, 0.669835508]]}