{"displayNames": ["Entity", "Entity", "Entity", "Relationship", "Relationship", "Entity", "Entity", "Relationship", "Relationship", "Relationship", "Attribute", "Relationship", "Attribute"], "ids": ["8013721229812826112", "8013721229812826112", "8013721229812826112", "5830319835468267520", "5830319835468267520", "8013721229812826112", "8013721229812826112", "5830319835468267520", "5830319835468267520", "5830319835468267520", "1656608880802660352", "5830319835468267520", "1656608880802660352"], "confidences": [0.999708712, 0.998514116, 0.998422384, 0.998396099, 0.998243213, 0.998128474, 0.997750819, 0.997034431, 0.996167481, 0.995176792, 0.992734551, 0.992328, 0.991657555], "bboxes": [[0.419692457, 0.589785576, 0.39703843, 0.468976408], [0.652278125, 0.828563094, 0.320850134, 0.432445765], [0.202411458, 0.378527164, 0.556600749, 0.668432057], [0.169429123, 0.282500654, 0.715666354, 0.759386599], [0.549121618, 0.658579469, 0.506800234, 0.551273644], [0.610913455, 0.780398, 0.575742126, 0.670733809], [0.195900515, 0.366596252, 0.157943577, 0.256229192], [0.516098082, 0.62176, 0.31249544, 0.356167465], [0.459688663, 0.570201337, 0.173478842, 0.217055082], [0.306213558, 0.415772051, 0.305017024, 0.349623412], [0.693766296, 0.787047148, 0.515035033, 0.546423435], [0.163002878, 0.273691148, 0.353178293, 0.397953242], [0.665700734, 0.755307615, 0.479093075, 0.509140849]]}