{"displayNames": ["Entity", "Relationship", "Entity", "Relationship", "Relationship", "Relationship", "Relationship", "Entity", "Entity", "Entity", "Attribute", "Attribute"], "bboxes": [[0.031079419, 0.256957203, 0.439832151, 0.633451402], [0.3917934, 0.5399068, 0.302238405, 0.390546411], [0.536133051, 0.761993051, 0.779652417, 0.958732307], [0.317484736, 0.465419829, 0.840216577, 0.92661351], [0.820284367, 0.965064764, 0.525941, 0.614567757], [0.220098168, 0.367678195, 0.302541256, 0.390308321], [0.342921793, 0.490681171, 0.0721942186, 0.159647703], [0.0288207829, 0.259634078, 0.00408129208, 0.241695762], [0.582217097, 0.812637091, 0.0069777458, 0.242961317], [0.0312503129, 0.259598494, 0.774647593, 1.0], [0.266615719, 0.393294245, 0.679541469, 0.739231706], [0.582636416, 0.711370289, 0.663802505, 0.72562021]], "ids": ["8013721229812826112", "5830319835468267520", "8013721229812826112", "5830319835468267520", "5830319835468267520", "5830319835468267520", "5830319835468267520", "8013721229812826112", "8013721229812826112", "8013721229812826112", "1656608880802660352", "1656608880802660352"], "confidences": [0.999343336, 0.999193609, 0.999064267, 0.998927891, 0.998887241, 0.99872154, 0.998209596, 0.997111797, 0.996310413, 0.996090353, 0.995253325, 0.993615389]}