{"confidences": [0.999856472, 0.999769747, 0.999756396, 0.999715507, 0.999703944, 0.999632359, 0.99916172, 0.999073386, 0.999064505, 0.999045432, 0.99901855, 0.998836], "displayNames": ["Entity", "Entity", "Relationship", "Relationship", "Relationship", "Relationship", "Relationship", "Attribute", "Entity", "Entity", "Attribute", "Entity"], "ids": ["8013721229812826112", "8013721229812826112", "5830319835468267520", "5830319835468267520", "5830319835468267520", "5830319835468267520", "5830319835468267520", "1656608880802660352", "8013721229812826112", "8013721229812826112", "1656608880802660352", "8013721229812826112"], "bboxes": [[0.0320648029, 0.262013644, 0.436238527, 0.630249381], [0.533798754, 0.764253795, 0.769779801, 0.963668346], [0.217700824, 0.368898153, 0.299973607, 0.390271306], [0.317280263, 0.466812819, 0.838526547, 0.927745104], [0.389332741, 0.54152739, 0.299974054, 0.390813857], [0.815904, 0.968192577, 0.52245605, 0.612902343], [0.340832114, 0.490912914, 0.0716785, 0.160735279], [0.582208455, 0.71383363, 0.662046373, 0.723998189], [0.0298730955, 0.262189716, 0.771600068, 0.998977], [0.0304728597, 0.261414647, 0.00443198858, 0.240718439], [0.266605854, 0.39731276, 0.680113196, 0.742112815], [0.581540108, 0.811610222, 0.00462577213, 0.239631861]]}