{"ids": ["5830319835468267520", "8013721229812826112", "5830319835468267520", "5830319835468267520", "8013721229812826112", "5830319835468267520", "5830319835468267520", "8013721229812826112", "1656608880802660352", "8013721229812826112", "5830319835468267520", "8013721229812826112"], "bboxes": [[0.283446908, 0.393068492, 0.349290133, 0.429719687], [0.496019959, 0.669219851, 0.784375429, 0.998788595], [0.882132173, 0.991143227, 0.509671926, 0.589764833], [0.327844322, 0.439914703, 0.860816896, 0.941482365], [0.0183119848, 0.239920855, 0.472915202, 0.694199324], [0.42068997, 0.528450131, 0.52355206, 0.604166508], [0.702581227, 0.81149739, 0.678844333, 0.764849365], [0.642923295, 0.81506449, 0.461333334, 0.638058], [0.633144, 0.748483896, 0.219656736, 0.303251952], [0.814460695, 0.985556781, 0.0646166503, 0.240861326], [0.63806808, 0.747579932, 0.065955013, 0.14730224], [0.398118287, 0.589441359, 0.0502202176, 0.213855267]], "displayNames": ["Relationship", "Entity", "Relationship", "Relationship", "Entity", "Relationship", "Relationship", "Entity", "Attribute", "Entity", "Relationship", "Entity"], "confidences": [0.999546111, 0.999281, 0.999264657, 0.999179661, 0.999158859, 0.999139428, 0.998964429, 0.998562753, 0.998175263, 0.998045921, 0.997718871, 0.995504081]}