{"bboxes": [[0.415280432, 0.512176514, 0.507456, 0.570683], [0.323449463, 0.419348508, 0.31716907, 0.38062197], [0.445585251, 0.539249957, 0.395331085, 0.459416687], [0.698821485, 0.845900595, 0.304428548, 0.4703722], [0.423559189, 0.556048512, 0.159090653, 0.286696583], [0.206812859, 0.356899142, 0.507732272, 0.671103299], [0.400151163, 0.49332425, 0.595298767, 0.661132932], [0.094845064, 0.292258173, 0.363986254, 0.496478379], [0.583097875, 0.676894844, 0.256011039, 0.318591028], [0.534834325, 0.740382731, 0.515421033, 0.653596282], [0.788460433, 0.88194114, 0.474983633, 0.540503204], [0.0927875265, 0.186437726, 0.518800616, 0.581105471]], "displayNames": ["Relationship", "Relationship", "Relationship", "Entity", "Entity", "Entity", "Relationship", "Entity", "Relationship", "Entity", "Relationship", "Attribute"], "ids": ["5830319835468267520", "5830319835468267520", "5830319835468267520", "8013721229812826112", "8013721229812826112", "8013721229812826112", "5830319835468267520", "8013721229812826112", "5830319835468267520", "8013721229812826112", "5830319835468267520", "1656608880802660352"], "confidences": [0.999228835, 0.99869436, 0.998648345, 0.998283803, 0.998253405, 0.998188794, 0.99797672, 0.997801363, 0.996624351, 0.99630034, 0.99588412, 0.994729757]}