{"confidences": [0.999797881, 0.999744833, 0.99970144, 0.999626398, 0.999607146, 0.999587238, 0.99955827, 0.999472558, 0.999361694, 0.999150753, 0.999123394, 0.99895227], "displayNames": ["Relationship", "Relationship", "Relationship", "Relationship", "Relationship", "Entity", "Entity", "Relationship", "Relationship", "Entity", "Entity", "Entity"], "ids": ["5830319835468267520", "5830319835468267520", "5830319835468267520", "5830319835468267520", "5830319835468267520", "8013721229812826112", "8013721229812826112", "5830319835468267520", "5830319835468267520", "8013721229812826112", "8013721229812826112", "8013721229812826112"], "bboxes": [[0.3224141, 0.4178828, 0.317731172, 0.380159944], [0.413972735, 0.510983348, 0.507823825, 0.570030451], [0.0896272808, 0.186181083, 0.518533289, 0.580548406], [0.78911823, 0.882677853, 0.476058722, 0.538859844], [0.580650747, 0.677267373, 0.254511416, 0.318265766], [0.698666692, 0.84342289, 0.303693354, 0.470038772], [0.423464179, 0.553267062, 0.157796413, 0.285146415], [0.443948597, 0.539089, 0.394608587, 0.458100587], [0.399562389, 0.495200485, 0.597528875, 0.660624802], [0.210439816, 0.353624, 0.504536808, 0.675402105], [0.0980633, 0.293532044, 0.362845331, 0.496377], [0.536174893, 0.735562325, 0.514671504, 0.652511537]]}