{"confidences": [0.999935269, 0.999899507, 0.999856353, 0.999854565, 0.999822557, 0.999721467, 0.999543965, 0.999464929, 0.999318838, 0.996708035, 0.993394196, 0.98181951], "displayNames": ["Entity", "Entity", "Entity", "Relationship", "Entity", "Entity", "Relationship", "Relationship", "Relationship", "Relationship", "Relationship", "Entity"], "ids": ["8013721229812826112", "8013721229812826112", "8013721229812826112", "5830319835468267520", "8013721229812826112", "8013721229812826112", "5830319835468267520", "5830319835468267520", "5830319835468267520", "5830319835468267520", "5830319835468267520", "8013721229812826112"], "bboxes": [[0.173427582, 0.412116528, 0.287769645, 0.433772981], [0.710010946, 0.950695932, 0.371760398, 0.548223794], [0.591574073, 0.827094436, 0.0, 0.139508486], [0.789580584, 0.871347785, 0.582760692, 0.672125697], [0.244897589, 0.488944948, 0.816408, 0.997193158], [0.282595307, 0.525560617, 0.0, 0.132858798], [0.641035795, 0.716307402, 0.580291331, 0.670878351], [0.495245874, 0.573939383, 0.175141901, 0.262049645], [0.229740649, 0.308381826, 0.144785598, 0.229599044], [0.296267539, 0.373443574, 0.498687744, 0.589235842], [0.855178595, 0.931300282, 0.0386541598, 0.128220469], [0.743603289, 0.817528188, 0.218422636, 0.306829423]]}