{"ids": ["8013721229812826112", "8013721229812826112", "8013721229812826112", "8013721229812826112", "8013721229812826112", "5830319835468267520", "5830319835468267520", "5830319835468267520", "5830319835468267520", "5830319835468267520", "5830319835468267520", "5830319835468267520"], "displayNames": ["Entity", "Entity", "Entity", "Entity", "Entity", "Relationship", "Relationship", "Relationship", "Relationship", "Relationship", "Relationship", "Relationship"], "bboxes": [[0.172958553, 0.410529792, 0.291729182, 0.435991079], [0.592630744, 0.833973527, 0.0, 0.140825018], [0.711893916, 0.948713779, 0.374609441, 0.549756], [0.284671068, 0.524218202, 0.000260493543, 0.132358029], [0.243417501, 0.487909794, 0.822024882, 0.996170938], [0.792842567, 0.870981634, 0.585935056, 0.672379851], [0.642113507, 0.71707648, 0.584148884, 0.672191322], [0.296932936, 0.371944487, 0.499946207, 0.591339648], [0.23205027, 0.308140069, 0.14180167, 0.230845675], [0.496263176, 0.572953, 0.178064108, 0.263019681], [0.854900658, 0.928732932, 0.0415231921, 0.129860714], [0.742828488, 0.818781137, 0.216775969, 0.306670815]], "confidences": [0.999878287, 0.999707282, 0.999316216, 0.999089479, 0.999077559, 0.998716712, 0.998541594, 0.997372746, 0.995274782, 0.994375348, 0.986695647, 0.943082571]}