{"bboxes": [[0.550015509, 0.719342887, 0.578831911, 0.789565146], [0.185853139, 0.354628205, 0.520788491, 0.697900712], [0.746007383, 0.856464684, 0.450969547, 0.524220049], [0.140473455, 0.310136467, 0.143434793, 0.308918506], [0.404085279, 0.514193654, 0.874180317, 0.946799457], [0.359640807, 0.43343088, 0.36255461, 0.458099633], [0.358660907, 0.432542413, 0.0751289055, 0.171381801], [0.629873514, 0.703527808, 0.0653935149, 0.160033494], [0.216888607, 0.2897681, 0.359242111, 0.455822617], [0.464158475, 0.598043382, 0.137395844, 0.31915316], [0.725351095, 0.8772825, 0.132033095, 0.312838167], [0.612701356, 0.685193479, 0.371177524, 0.468556762]], "displayNames": ["Entity", "Entity", "Relationship", "Entity", "Relationship", "Relationship", "Relationship", "Relationship", "Relationship", "Entity", "Entity", "Relationship"], "ids": ["8013721229812826112", "8013721229812826112", "5830319835468267520", "8013721229812826112", "5830319835468267520", "5830319835468267520", "5830319835468267520", "5830319835468267520", "5830319835468267520", "8013721229812826112", "8013721229812826112", "5830319835468267520"], "confidences": [0.999840379, 0.999593675, 0.998663545, 0.998592198, 0.998420596, 0.996695161, 0.996226192, 0.994977176, 0.99369967, 0.993599176, 0.993441939, 0.990836263]}