{"confidences": [0.999920487, 0.999815047, 0.999796212, 0.999792039, 0.999767482, 0.99976176, 0.999725401, 0.999630809, 0.999617934, 0.999439061, 0.998474658, 0.997929335], "displayNames": ["Entity", "Relationship", "Relationship", "Relationship", "Entity", "Entity", "Entity", "Entity", "Relationship", "Relationship", "Relationship", "Relationship"], "ids": ["8013721229812826112", "5830319835468267520", "5830319835468267520", "5830319835468267520", "8013721229812826112", "8013721229812826112", "8013721229812826112", "8013721229812826112", "5830319835468267520", "5830319835468267520", "5830319835468267520", "5830319835468267520"], "bboxes": [[0.547778547, 0.719091356, 0.57620436, 0.789631605], [0.402504444, 0.514923096, 0.87334621, 0.94686], [0.354078174, 0.43886596, 0.361329138, 0.453388274], [0.209071755, 0.297638476, 0.358097941, 0.453148782], [0.463688284, 0.599035203, 0.135816842, 0.317963094], [0.186482683, 0.354656398, 0.516782045, 0.69923991], [0.141069174, 0.309861362, 0.140482649, 0.309603691], [0.723488271, 0.87549, 0.130522534, 0.311909], [0.745173, 0.8570925, 0.450349569, 0.524450064], [0.609860957, 0.685566247, 0.371775806, 0.466468692], [0.630684376, 0.701818943, 0.0605550408, 0.1622549], [0.360206068, 0.430917978, 0.072284691, 0.174033552]]}