{"displayNames": ["Entity", "Relationship", "Relationship", "Relationship", "Relationship", "Relationship", "Entity", "Entity", "Entity", "Attribute", "Entity"], "ids": ["8013721229812826112", "5830319835468267520", "5830319835468267520", "5830319835468267520", "5830319835468267520", "5830319835468267520", "8013721229812826112", "8013721229812826112", "8013721229812826112", "1656608880802660352", "8013721229812826112"], "bboxes": [[0.702868402, 0.865247548, 0.316488862, 0.437555611], [0.019984534, 0.165318236, 0.336225569, 0.392739952], [0.434686035, 0.578098953, 0.242380068, 0.30199641], [0.427929223, 0.573483348, 0.0732406825, 0.133998424], [0.622227609, 0.765637159, 0.743812799, 0.801772356], [0.723521709, 0.866272211, 0.534451485, 0.592626333], [0.105409041, 0.292318255, 0.644450605, 0.794106066], [0.453206956, 0.605385184, 0.497805625, 0.65131259], [0.0987845957, 0.296673477, 0.0520199314, 0.168112785], [0.336006373, 0.460497051, 0.315575898, 0.356906235], [0.711661696, 0.876090109, 0.0517535, 0.209290177]], "confidences": [0.999599397, 0.999424934, 0.999123275, 0.99906987, 0.998928964, 0.998562276, 0.998319805, 0.998198211, 0.996366262, 0.984393775, 0.964430094]}