{"confidences": [0.999795258, 0.999782, 0.999777377, 0.999760449, 0.999754846, 0.999752939, 0.999740183, 0.999689937, 0.999685526, 0.999617457, 0.999388456], "displayNames": ["Entity", "Entity", "Entity", "Entity", "Relationship", "Relationship", "Relationship", "Relationship", "Relationship", "Entity", "Attribute"], "ids": ["8013721229812826112", "8013721229812826112", "8013721229812826112", "8013721229812826112", "5830319835468267520", "5830319835468267520", "5830319835468267520", "5830319835468267520", "5830319835468267520", "8013721229812826112", "1656608880802660352"], "bboxes": [[0.712748528, 0.875243843, 0.0502793938, 0.205546424], [0.101169102, 0.298517436, 0.0517947339, 0.166746244], [0.453528494, 0.604501188, 0.497545, 0.647754073], [0.107675605, 0.293490618, 0.640886784, 0.795998216], [0.621360719, 0.766816795, 0.742951453, 0.801441371], [0.721901238, 0.867130518, 0.533566713, 0.592236161], [0.427996665, 0.573001206, 0.0747947246, 0.133613482], [0.433553606, 0.57901907, 0.244575664, 0.300077856], [0.0229137056, 0.16448915, 0.332839459, 0.392499775], [0.700985253, 0.862639546, 0.31395629, 0.439430028], [0.33838284, 0.459542364, 0.317240655, 0.354445517]]}