{"ids": ["8013721229812826112", "8013721229812826112", "8013721229812826112", "8013721229812826112", "5830319835468267520", "5830319835468267520", "5830319835468267520", "5830319835468267520", "5830319835468267520", "1656608880802660352", "8013721229812826112"], "displayNames": ["Entity", "Entity", "Entity", "Entity", "Relationship", "Relationship", "Relationship", "Relationship", "Relationship", "Attribute", "Entity"], "confidences": [0.99984, 0.999626637, 0.999495864, 0.999135673, 0.997984052, 0.99345386, 0.993451595, 0.992975593, 0.992849469, 0.990060329, 0.967443287], "bboxes": [[0.441156089, 0.595122874, 0.377098113, 0.449913174], [0.514215231, 0.669626772, 0.680804372, 0.759731889], [0.512505352, 0.676960528, 0.806218386, 0.900695562], [0.555567205, 0.713558555, 0.580014825, 0.661555529], [0.392046154, 0.493562818, 0.648793757, 0.686809361], [0.341727972, 0.443361253, 0.838932693, 0.876758754], [0.377992123, 0.48027, 0.69901526, 0.73609972], [0.437862426, 0.541255891, 0.518332899, 0.556567609], [0.725834668, 0.829054832, 0.761995494, 0.799724519], [0.574109912, 0.659062505, 0.498879075, 0.526001], [0.225456029, 0.393340945, 0.524412751, 0.631596565]]}