{"displayNames": ["Entity", "Entity", "Entity", "Entity", "Entity"], "confidences": [0.999760687, 0.999700546, 0.999673247, 0.999509573, 0.999486923], "ids": ["8013721229812826112", "8013721229812826112", "8013721229812826112", "8013721229812826112", "8013721229812826112"], "bboxes": [[0.585321069, 0.817066908, 0.160972491, 0.315112], [0.369463086, 0.609293, 0.396703243, 0.577421904], [0.14136976, 0.377095938, 0.102605693, 0.259903878], [0.158205092, 0.400101185, 0.619898796, 0.771330297], [0.5396896, 0.779439509, 0.655710697, 0.863789558]]}