{"confidences": [0.9999, 0.999897242, 0.999893665, 0.999852777, 0.999524355], "displayNames": ["Entity", "Entity", "Entity", "Entity", "Entity"], "ids": ["8013721229812826112", "8013721229812826112", "8013721229812826112", "8013721229812826112", "8013721229812826112"], "bboxes": [[0.157958061, 0.399214774, 0.611050308, 0.771342874], [0.584175169, 0.820729792, 0.157115698, 0.317286551], [0.140489757, 0.378686428, 0.0994420648, 0.262413591], [0.368924737, 0.609923065, 0.39236328, 0.576118112], [0.538335919, 0.779284716, 0.651102126, 0.861958683]]}