{"bboxes": [[0.529355228, 0.708511472, 0.707545877, 0.776827], [0.129446208, 0.306515336, 0.689474404, 0.790945232], [0.360974342, 0.472451955, 0.757201254, 0.8037135], [0.126660153, 0.304760456, 0.402748555, 0.513948083], [0.591795146, 0.706041813, 0.647080123, 0.693555772], [0.825998545, 0.886664867, 0.413149118, 0.508283675], [0.578929067, 0.758076906, 0.411673814, 0.521345854], [0.158427939, 0.271626711, 0.553914785, 0.599246383], [0.392984271, 0.508134067, 0.516547263, 0.563007534], [0.580344081, 0.7560395, 0.53955, 0.638274729], [0.384722084, 0.499087602, 0.415046453, 0.46107471], [0.362228721, 0.475050032, 0.674306512, 0.720607042]], "confidences": [0.999100327, 0.999012709, 0.998419881, 0.998093784, 0.997919381, 0.997919261, 0.99735, 0.996981442, 0.995830834, 0.995023727, 0.994624197, 0.994251], "displayNames": ["Entity", "Entity", "Relationship", "Entity", "Relationship", "Relationship", "Entity", "Relationship", "Relationship", "Entity", "Relationship", "Relationship"], "ids": ["8013721229812826112", "8013721229812826112", "5830319835468267520", "8013721229812826112", "5830319835468267520", "5830319835468267520", "8013721229812826112", "5830319835468267520", "5830319835468267520", "8013721229812826112", "5830319835468267520", "5830319835468267520"]}