{"confidences": [0.99985981, 0.999796808, 0.999646664, 0.999646068, 0.999629498, 0.999521494, 0.999463141, 0.998822391, 0.998758078, 0.998238444, 0.998190582, 0.99774456], "displayNames": ["Relationship", "Relationship", "Relationship", "Relationship", "Relationship", "Entity", "Relationship", "Entity", "Relationship", "Entity", "Entity", "Entity"], "ids": ["5830319835468267520", "5830319835468267520", "5830319835468267520", "5830319835468267520", "5830319835468267520", "8013721229812826112", "5830319835468267520", "8013721229812826112", "5830319835468267520", "8013721229812826112", "8013721229812826112", "8013721229812826112"], "bboxes": [[0.156551376, 0.272373438, 0.552581549, 0.601622224], [0.590287089, 0.706879, 0.646940351, 0.693936586], [0.360343695, 0.475583881, 0.674105763, 0.720595598], [0.390318692, 0.511394143, 0.515029609, 0.564392269], [0.359932095, 0.475016922, 0.758476, 0.804189324], [0.577049375, 0.755858302, 0.411055058, 0.520511866], [0.383399874, 0.50113219, 0.414535165, 0.46085], [0.123206034, 0.3029387, 0.402520269, 0.512782216], [0.823336601, 0.889699936, 0.41314742, 0.506901], [0.530664742, 0.708190799, 0.705908895, 0.778212786], [0.578188539, 0.754937708, 0.538986862, 0.634745181], [0.124670193, 0.302469611, 0.687071562, 0.792366505]]}