{"confidences": [0.999947906, 0.999927878, 0.99988234, 0.999785483, 0.999779046, 0.99977082, 0.999769866, 0.99966538, 0.999600708, 0.999566, 0.998998582, 0.997831285], "displayNames": ["Entity", "Entity", "Relationship", "Entity", "Relationship", "Relationship", "Relationship", "Relationship", "Relationship", "Relationship", "Entity", "Entity"], "ids": ["8013721229812826112", "8013721229812826112", "5830319835468267520", "8013721229812826112", "5830319835468267520", "5830319835468267520", "5830319835468267520", "5830319835468267520", "5830319835468267520", "5830319835468267520", "8013721229812826112", "8013721229812826112"], "bboxes": [[0.556433737, 0.632000268, 0.272885948, 0.431128621], [0.455662, 0.545562148, 0.00129522907, 0.156578392], [0.589983761, 0.661884487, 0.538333356, 0.604129732], [0.116447754, 0.24550277, 0.0869789273, 0.250146717], [0.797546208, 0.893296182, 0.654323101, 0.748364568], [0.466058403, 0.537608624, 0.464019269, 0.541729], [0.643090546, 0.723584235, 0.129295856, 0.209498465], [0.271787643, 0.358163357, 0.0757357404, 0.18553029], [0.148228824, 0.242527246, 0.424946725, 0.518574238], [0.34907496, 0.444389701, 0.227578774, 0.322680265], [0.305849135, 0.42481178, 0.451898664, 0.645777762], [0.650665641, 0.786901355, 0.758251727, 0.94974941]]}