{"displayNames": ["Entity", "Entity", "Entity", "Entity", "Relationship", "Entity", "Relationship", "Relationship", "Relationship", "Relationship", "Relationship", "Relationship"], "bboxes": [[0.556719422, 0.632950187, 0.271411747, 0.43421194], [0.118204147, 0.242243081, 0.0884495378, 0.251926601], [0.45399636, 0.548093259, 0.00385616, 0.1570829], [0.304923534, 0.427799046, 0.453162313, 0.646061718], [0.148844689, 0.243226737, 0.42239061, 0.519326], [0.650307, 0.786667049, 0.758534, 0.953685462], [0.46647647, 0.537582755, 0.463879526, 0.542726398], [0.799419403, 0.89222, 0.654236734, 0.751494706], [0.271898448, 0.358411252, 0.0763875842, 0.186020449], [0.644878924, 0.723320305, 0.128809392, 0.208694875], [0.349736184, 0.444409579, 0.227408513, 0.322052032], [0.591824114, 0.661887586, 0.538812, 0.605541468]], "confidences": [0.999917626, 0.99961853, 0.999584734, 0.99933356, 0.998853207, 0.998458505, 0.997786522, 0.997275174, 0.996944606, 0.99610585, 0.991545856, 0.991133392], "ids": ["8013721229812826112", "8013721229812826112", "8013721229812826112", "8013721229812826112", "5830319835468267520", "8013721229812826112", "5830319835468267520", "5830319835468267520", "5830319835468267520", "5830319835468267520", "5830319835468267520", "5830319835468267520"]}