{"ids": ["8013721229812826112", "8013721229812826112", "5830319835468267520", "8013721229812826112", "5830319835468267520", "5830319835468267520", "8013721229812826112", "5830319835468267520", "5830319835468267520", "8013721229812826112"], "bboxes": [[0.145781383, 0.320142835, 0.441128045, 0.537672162], [0.579072356, 0.754502177, 0.176581249, 0.27568084], [0.369365871, 0.480581492, 0.205577761, 0.250448704], [0.0871299654, 0.323145896, 0.288535237, 0.41015774], [0.387735486, 0.499406517, 0.440875113, 0.486116827], [0.381911457, 0.489671618, 0.256970882, 0.301001072], [0.588329852, 0.761869729, 0.318647087, 0.417956054], [0.392779768, 0.505233, 0.344694138, 0.389656126], [0.370165497, 0.481838793, 0.0649875253, 0.109250188], [0.133405179, 0.311969399, 0.0779655874, 0.195237517]], "confidences": [0.99920851, 0.998927891, 0.998916626, 0.99886, 0.998607, 0.997654, 0.997482955, 0.99677366, 0.996421337, 0.996102], "displayNames": ["Entity", "Entity", "Relationship", "Entity", "Relationship", "Relationship", "Entity", "Relationship", "Relationship", "Entity"]}