{"displayNames": ["Entity", "Entity", "Relationship", "Relationship", "Entity", "Entity", "Relationship", "Relationship", "Relationship", "Relationship", "Entity", "Relationship"], "confidences": [0.999755561, 0.99966, 0.999557793, 0.999468744, 0.999376237, 0.999257743, 0.999206841, 0.999090075, 0.999010801, 0.998752475, 0.998073339, 0.996589184], "bboxes": [[0.296100855, 0.518841088, 0.674495, 0.89148289], [0.70928371, 0.93379283, 0.335614532, 0.5564183], [0.320238918, 0.432337314, 0.177345157, 0.268534213], [0.601936817, 0.709011316, 0.533878744, 0.618238688], [0.218248844, 0.440397978, 0.310367465, 0.489938974], [0.701873064, 0.924723268, 0.673849821, 0.854927778], [0.566283, 0.668936253, 0.768417656, 0.84767139], [0.488570184, 0.5940938, 0.35879004, 0.438644469], [0.731844783, 0.837536, 0.143344149, 0.224603236], [0.175384536, 0.281544954, 0.802355051, 0.885960162], [0.4735623, 0.69793576, 0.0745450854, 0.211871505], [0.697165787, 0.805555046, 0.897996545, 0.981354594]], "ids": ["8013721229812826112", "8013721229812826112", "5830319835468267520", "5830319835468267520", "8013721229812826112", "8013721229812826112", "5830319835468267520", "5830319835468267520", "5830319835468267520", "5830319835468267520", "8013721229812826112", "5830319835468267520"]}