{"confidences": [0.999964476, 0.999955535, 0.999928474, 0.999926805, 0.99989748, 0.999882, 0.999870181, 0.999848366, 0.999841928, 0.99966, 0.999558866, 0.999111], "displayNames": ["Relationship", "Relationship", "Relationship", "Entity", "Relationship", "Relationship", "Entity", "Relationship", "Relationship", "Entity", "Entity", "Entity"], "ids": ["5830319835468267520", "5830319835468267520", "5830319835468267520", "8013721229812826112", "5830319835468267520", "5830319835468267520", "8013721229812826112", "5830319835468267520", "5830319835468267520", "8013721229812826112", "8013721229812826112", "8013721229812826112"], "bboxes": [[0.359666198, 0.429968864, 0.442852795, 0.507271588], [0.488117605, 0.559361279, 0.279211104, 0.342071712], [0.261492491, 0.33270967, 0.710878074, 0.774378896], [0.341861635, 0.448069364, 0.258279055, 0.397593379], [0.459605634, 0.530245185, 0.720428824, 0.784421623], [0.522662878, 0.594591856, 0.865168, 0.929630339], [0.550112903, 0.682432473, 0.101749562, 0.242410868], [0.668246269, 0.740463257, 0.524772882, 0.588323355], [0.423256725, 0.495133609, 0.154176712, 0.21789512], [0.544725716, 0.652869761, 0.532883584, 0.702436209], [0.359636933, 0.467148274, 0.812339902, 0.981628], [0.328763038, 0.435848981, 0.534471095, 0.675996244]]}