{"bboxes": [[0.342173666, 0.451428384, 0.259983301, 0.397162974], [0.545523882, 0.655783176, 0.53389436, 0.702357292], [0.551302135, 0.683298647, 0.102489784, 0.24434945], [0.52451843, 0.594362795, 0.865626633, 0.929333389], [0.261960834, 0.33343479, 0.710311413, 0.775727451], [0.359729081, 0.468470663, 0.814294696, 0.984326184], [0.328912497, 0.439786553, 0.534812748, 0.680739045], [0.361212403, 0.429541677, 0.44201234, 0.50804776], [0.46085158, 0.529717922, 0.720751882, 0.786017], [0.669688821, 0.739404798, 0.523333848, 0.589913666], [0.42285195, 0.493407041, 0.153515652, 0.218123764], [0.488676071, 0.558980346, 0.279585242, 0.343291402]], "displayNames": ["Entity", "Entity", "Entity", "Relationship", "Relationship", "Entity", "Entity", "Relationship", "Relationship", "Relationship", "Relationship", "Relationship"], "confidences": [0.99985981, 0.999722183, 0.999704897, 0.998513877, 0.998480499, 0.998272657, 0.997639418, 0.997502267, 0.997024834, 0.996292, 0.993894279, 0.992805183], "ids": ["8013721229812826112", "8013721229812826112", "8013721229812826112", "5830319835468267520", "5830319835468267520", "8013721229812826112", "8013721229812826112", "5830319835468267520", "5830319835468267520", "5830319835468267520", "5830319835468267520", "5830319835468267520"]}