{"displayNames": ["Relationship", "Relationship", "Entity", "Relationship", "Relationship", "Relationship", "Relationship", "Entity", "Relationship", "Entity", "Entity", "Entity"], "ids": ["5830319835468267520", "5830319835468267520", "8013721229812826112", "5830319835468267520", "5830319835468267520", "5830319835468267520", "5830319835468267520", "8013721229812826112", "5830319835468267520", "8013721229812826112", "8013721229812826112", "8013721229812826112"], "confidences": [0.999322891, 0.999114454, 0.998809218, 0.998800278, 0.998761296, 0.998753667, 0.998719, 0.998693645, 0.998492956, 0.998221695, 0.997865736, 0.996857762], "bboxes": [[0.307106316, 0.438467503, 0.748317599, 0.803391933], [0.460004151, 0.593408406, 0.23435849, 0.287148178], [0.232485682, 0.448258549, 0.312372029, 0.449531674], [0.536525905, 0.669185936, 0.277474821, 0.328969061], [0.710938752, 0.844603598, 0.259113699, 0.313382775], [0.525855601, 0.65707165, 0.706549168, 0.759888411], [0.482883215, 0.613826454, 0.616097629, 0.668140352], [0.172758669, 0.377998441, 0.585183382, 0.724967], [0.491831362, 0.62593621, 0.463372797, 0.515250742], [0.740055, 0.944333911, 0.35961917, 0.476644486], [0.695734859, 0.904334784, 0.536626697, 0.653602123], [0.630181611, 0.836935878, 0.105252981, 0.221785009]]}