{"displayNames": ["Entity", "Entity", "Entity", "Entity", "Entity", "Entity", "Relationship", "Relationship", "Entity", "Relationship", "Entity", "Relationship", "Relationship", "Relationship", "Relationship"], "confidences": [0.99993825, 0.999901891, 0.999819696, 0.999741375, 0.999617338, 0.999463618, 0.999101639, 0.998282194, 0.998214, 0.998007715, 0.997937322, 0.997335136, 0.988621414, 0.961625218, 0.945555925], "bboxes": [[0.424291551, 0.528096437, 0.255191565, 0.321581841], [0.176488623, 0.282103688, 0.273991942, 0.345532477], [0.133883, 0.242592394, 0.134109646, 0.193262011], [0.144884095, 0.351065248, 0.419362605, 0.580380857], [0.410078824, 0.518073857, 0.145908222, 0.233109012], [0.670012593, 0.77405411, 0.149378747, 0.206295609], [0.298015475, 0.368228346, 0.15252085, 0.17972295], [0.170598656, 0.241353258, 0.220745206, 0.247516215], [0.586342692, 0.802777529, 0.661853, 0.779286325], [0.388032258, 0.51677525, 0.696306765, 0.748829782], [0.133208901, 0.338148117, 0.659567177, 0.772883713], [0.279329389, 0.347755849, 0.202953488, 0.228430361], [0.608724117, 0.681704521, 0.285913885, 0.313108027], [0.561721087, 0.632151186, 0.157598615, 0.184107214], [0.811595678, 0.88071543, 0.119536847, 0.146918446]], "ids": ["8013721229812826112", "8013721229812826112", "8013721229812826112", "8013721229812826112", "8013721229812826112", "8013721229812826112", "5830319835468267520", "5830319835468267520", "8013721229812826112", "5830319835468267520", "8013721229812826112", "5830319835468267520", "5830319835468267520", "5830319835468267520", "5830319835468267520"]}