{"ids": ["8013721229812826112", "8013721229812826112", "5830319835468267520", "5830319835468267520", "8013721229812826112", "8013721229812826112", "5830319835468267520", "5830319835468267520", "8013721229812826112", "5830319835468267520", "5830319835468267520"], "displayNames": ["Entity", "Entity", "Relationship", "Relationship", "Entity", "Entity", "Relationship", "Relationship", "Entity", "Relationship", "Relationship"], "bboxes": [[0.301365495, 0.467939973, 0.139907, 0.371408254], [0.195591658, 0.362596184, 0.717703283, 0.907602906], [0.310985, 0.419316202, 0.506184, 0.593443334], [0.142304271, 0.250711501, 0.500031054, 0.587929308], [0.119180046, 0.289058447, 0.169923633, 0.322305918], [0.685747385, 0.848585367, 0.661396623, 0.886887968], [0.521738112, 0.628499, 0.199570805, 0.284866303], [0.711546481, 0.819908798, 0.903235257, 0.995893955], [0.683008, 0.849257529, 0.15945676, 0.348691344], [0.711107075, 0.821077526, 0.460623413, 0.546308339], [0.716277361, 0.824768186, 0.0160685517, 0.105754577]], "confidences": [0.999640822, 0.999510884, 0.999410033, 0.999334514, 0.999067247, 0.999005735, 0.998999655, 0.998913884, 0.99876827, 0.998436868, 0.997961879]}