{"ids": ["8013721229812826112", "8013721229812826112", "8013721229812826112", "8013721229812826112", "5830319835468267520", "8013721229812826112", "5830319835468267520", "5830319835468267520", "5830319835468267520", "5830319835468267520", "5830319835468267520", "5830319835468267520"], "confidences": [0.999906778, 0.999794543, 0.999765337, 0.999743044, 0.999481738, 0.999298453, 0.998463154, 0.998459697, 0.998130262, 0.997764587, 0.997529924, 0.992886245], "displayNames": ["Entity", "Entity", "Entity", "Entity", "Relationship", "Entity", "Relationship", "Relationship", "Relationship", "Relationship", "Relationship", "Relationship"], "bboxes": [[0.295108348, 0.408603102, 0.260855675, 0.341252804], [0.428207695, 0.542069674, 0.351991296, 0.433893681], [0.415635824, 0.552768588, 0.468881339, 0.548615456], [0.703635, 0.819500089, 0.314985633, 0.395038188], [0.331345499, 0.409383446, 0.373243123, 0.410732478], [0.446188509, 0.56496793, 0.179362744, 0.262537122], [0.663489282, 0.742598414, 0.476430267, 0.514315128], [0.246103436, 0.326828897, 0.475262225, 0.514138579], [0.857397914, 0.936648071, 0.335497767, 0.372811824], [0.572674751, 0.650990367, 0.359241605, 0.396257937], [0.330957741, 0.410518497, 0.201852515, 0.240259156], [0.628205955, 0.707488358, 0.229187071, 0.26700151]]}