{"bboxes": [[0.132978931, 0.342467576, 0.400841087, 0.486432403], [0.560105145, 0.768893361, 0.317254186, 0.402827084], [0.133442655, 0.340046316, 0.188932076, 0.284843862], [0.261103749, 0.357011229, 0.315872818, 0.354741901], [0.412516356, 0.507664859, 0.204312131, 0.242567196], [0.559164941, 0.765216529, 0.455620289, 0.55964303], [0.413839638, 0.511694908, 0.505535662, 0.543556392], [0.375837445, 0.473830223, 0.254409105, 0.291133553], [0.55855459, 0.767805636, 0.183158457, 0.286599576], [0.777317, 0.877433956, 0.271809369, 0.310269088], [0.415655077, 0.512169063, 0.345860213, 0.385330588], [0.778227925, 0.875154197, 0.424079478, 0.463027477]], "ids": ["8013721229812826112", "8013721229812826112", "8013721229812826112", "5830319835468267520", "5830319835468267520", "8013721229812826112", "5830319835468267520", "5830319835468267520", "8013721229812826112", "5830319835468267520", "5830319835468267520", "5830319835468267520"], "confidences": [0.999625564, 0.99953115, 0.998841226, 0.998180866, 0.998139501, 0.997943342, 0.997939289, 0.997704446, 0.997331142, 0.996712208, 0.995678484, 0.994776607], "displayNames": ["Entity", "Entity", "Entity", "Relationship", "Relationship", "Entity", "Relationship", "Relationship", "Entity", "Relationship", "Relationship", "Relationship"]}