{"confidences": [0.999872088, 0.999868631, 0.99986279, 0.999803841, 0.999802172, 0.999729216, 0.999695659, 0.999641776, 0.999073744, 0.998939693, 0.99890089, 0.998215199], "displayNames": ["Relationship", "Relationship", "Relationship", "Relationship", "Entity", "Relationship", "Relationship", "Relationship", "Entity", "Entity", "Entity", "Entity"], "ids": ["5830319835468267520", "5830319835468267520", "5830319835468267520", "5830319835468267520", "8013721229812826112", "5830319835468267520", "5830319835468267520", "5830319835468267520", "8013721229812826112", "8013721229812826112", "8013721229812826112", "8013721229812826112"], "bboxes": [[0.259294301, 0.356734842, 0.315429658, 0.353450447], [0.374269515, 0.473861, 0.253852189, 0.291641951], [0.412114263, 0.508984149, 0.204454973, 0.242720112], [0.775419652, 0.876022279, 0.423385173, 0.46278289], [0.132525489, 0.337333143, 0.18718335, 0.285063475], [0.776077807, 0.87670356, 0.272260755, 0.310878545], [0.411880344, 0.512774527, 0.34627077, 0.384468466], [0.411161542, 0.511904597, 0.505494, 0.544689178], [0.557162642, 0.766613841, 0.315138429, 0.402615577], [0.560166776, 0.766299725, 0.182701543, 0.286341071], [0.129161507, 0.344121, 0.398639202, 0.485148728], [0.559300363, 0.765026331, 0.454843462, 0.56028825]]}