{"ids": ["8013721229812826112", "8013721229812826112", "8013721229812826112", "8013721229812826112", "8013721229812826112", "5830319835468267520", "5830319835468267520", "5830319835468267520", "5830319835468267520", "5830319835468267520", "5830319835468267520", "5830319835468267520", "5830319835468267520"], "confidences": [0.999705374, 0.999658108, 0.99957329, 0.999455392, 0.99929142, 0.998893917, 0.998286664, 0.997846603, 0.997455537, 0.997214735, 0.995493293, 0.995283306, 0.992118955], "bboxes": [[0.236065373, 0.387182802, 0.107256599, 0.166644365], [0.232065991, 0.38867268, 0.258708, 0.350406945], [0.341288775, 0.493169636, 0.368157089, 0.441379964], [0.662496, 0.814515, 0.205161676, 0.300519556], [0.663315892, 0.814621568, 0.106199428, 0.184805557], [0.464546591, 0.565900683, 0.100755349, 0.136150882], [0.450804859, 0.554808378, 0.141340494, 0.182506889], [0.678512275, 0.779135585, 0.397466183, 0.434166], [0.349936515, 0.44915241, 0.495907217, 0.532563627], [0.236006781, 0.327153474, 0.193235576, 0.229664922], [0.522627234, 0.621710718, 0.286326021, 0.32363227], [0.473567724, 0.57188797, 0.210984915, 0.24741891], [0.200691387, 0.301892698, 0.379282266, 0.416133314]], "displayNames": ["Entity", "Entity", "Entity", "Entity", "Entity", "Relationship", "Relationship", "Relationship", "Relationship", "Relationship", "Relationship", "Relationship", "Relationship"]}