{"confidences": [0.999936819, 0.999880672, 0.999727905, 0.999685764, 0.999667048, 0.999553382, 0.999431193, 0.999364436, 0.999334157, 0.999113381, 0.998970628], "displayNames": ["Relationship", "Relationship", "Relationship", "Relationship", "Entity", "Relationship", "Entity", "Entity", "Entity", "Relationship", "Entity"], "ids": ["5830319835468267520", "5830319835468267520", "5830319835468267520", "5830319835468267520", "8013721229812826112", "5830319835468267520", "8013721229812826112", "8013721229812826112", "8013721229812826112", "5830319835468267520", "8013721229812826112"], "bboxes": [[0.647298574, 0.724728107, 0.462263942, 0.569648385], [0.0648712292, 0.141083926, 0.651324034, 0.759930074], [0.734726131, 0.811196864, 0.642993748, 0.748800218], [0.277569473, 0.353057742, 0.232650921, 0.34149459], [0.729394794, 0.845871806, 0.144008279, 0.417173117], [0.376520187, 0.462565035, 0.389772832, 0.534902871], [0.0814812779, 0.198593289, 0.13890478, 0.435806125], [0.858006358, 0.974508166, 0.617021501, 0.885346], [0.580270767, 0.695916176, 0.618759453, 0.885442257], [0.745939136, 0.800841808, 0.778117478, 0.84985739], [0.453937799, 0.570812464, 0.144558951, 0.41508314]]}