{"bboxes": [[0.583189249, 0.697544, 0.621462464, 0.88491118], [0.455239773, 0.57245338, 0.147995159, 0.414862841], [0.733294, 0.845642328, 0.149480715, 0.414063871], [0.860056579, 0.976138413, 0.616951704, 0.886630416], [0.0835052356, 0.19907558, 0.147575781, 0.429784596], [0.735837042, 0.810331643, 0.645718038, 0.751810133], [0.278304607, 0.352966398, 0.233093947, 0.343937308], [0.64869678, 0.724172473, 0.45877865, 0.572227359], [0.0669361874, 0.141502112, 0.653122067, 0.762866616], [0.37569952, 0.461395979, 0.381498694, 0.53644824], [0.749234438, 0.797493458, 0.769438863, 0.8462466]], "confidences": [0.999452293, 0.999374926, 0.999191105, 0.999025106, 0.998873293, 0.997542, 0.997289062, 0.996877909, 0.996711731, 0.995729625, 0.993902564], "ids": ["8013721229812826112", "8013721229812826112", "8013721229812826112", "8013721229812826112", "8013721229812826112", "5830319835468267520", "5830319835468267520", "5830319835468267520", "5830319835468267520", "5830319835468267520", "5830319835468267520"], "displayNames": ["Entity", "Entity", "Entity", "Entity", "Entity", "Relationship", "Relationship", "Relationship", "Relationship", "Relationship", "Relationship"]}