{"bboxes": [[0.590446591, 0.80239, 0.486337423, 0.649256], [0.210317492, 0.425859511, 0.163319111, 0.331868947], [0.404812306, 0.505463839, 0.788946152, 0.853875], [0.586669624, 0.800018251, 0.1622549, 0.303532302], [0.0390846245, 0.14262867, 0.17628324, 0.241506711], [0.590447783, 0.806857705, 0.802767694, 0.913606644], [0.405346155, 0.504437089, 0.860440552, 0.925700426], [0.125619039, 0.339483082, 0.778607726, 0.913631082], [0.458700657, 0.557395577, 0.215326726, 0.279968411], [0.798905373, 0.901805162, 0.374890953, 0.441242605], [0.643936396, 0.74811542, 0.0295045078, 0.0935988203], [0.798561156, 0.901838243, 0.678599238, 0.744087696]], "confidences": [0.99988389, 0.99957341, 0.999404073, 0.99917978, 0.999117911, 0.999065459, 0.999036074, 0.998726785, 0.998252213, 0.997117162, 0.996806, 0.996707261], "displayNames": ["Entity", "Entity", "Relationship", "Entity", "Relationship", "Entity", "Relationship", "Entity", "Relationship", "Relationship", "Relationship", "Relationship"], "ids": ["8013721229812826112", "8013721229812826112", "5830319835468267520", "8013721229812826112", "5830319835468267520", "8013721229812826112", "5830319835468267520", "8013721229812826112", "5830319835468267520", "5830319835468267520", "5830319835468267520", "5830319835468267520"]}