{"confidences": [0.999870777, 0.999786675, 0.999742091, 0.999726832, 0.999724567, 0.999714553, 0.999623537, 0.999605, 0.999548256, 0.999539614, 0.999467432, 0.999069035], "displayNames": ["Entity", "Relationship", "Relationship", "Relationship", "Entity", "Entity", "Relationship", "Relationship", "Relationship", "Entity", "Relationship", "Entity"], "ids": ["8013721229812826112", "5830319835468267520", "5830319835468267520", "5830319835468267520", "8013721229812826112", "8013721229812826112", "5830319835468267520", "5830319835468267520", "5830319835468267520", "8013721229812826112", "5830319835468267520", "8013721229812826112"], "bboxes": [[0.584918737, 0.805228353, 0.484961957, 0.646741], [0.404246181, 0.506016672, 0.787650406, 0.853078902], [0.0382229388, 0.142522231, 0.17669332, 0.241601527], [0.798057079, 0.903093696, 0.677882075, 0.743680358], [0.213964224, 0.423405707, 0.165095836, 0.327281475], [0.589170873, 0.798831761, 0.164803728, 0.300094068], [0.799226344, 0.902295172, 0.375145942, 0.439351052], [0.404140413, 0.506035805, 0.859458745, 0.92435658], [0.456946611, 0.559156418, 0.213340208, 0.279919356], [0.129751474, 0.34386012, 0.77992177, 0.913505733], [0.642514527, 0.747829378, 0.0288289711, 0.0936360359], [0.586991787, 0.804819942, 0.799718857, 0.910934806]]}