{"ids": ["8013721229812826112", "8013721229812826112", "8013721229812826112", "5830319835468267520", "5830319835468267520", "5830319835468267520", "5830319835468267520", "5830319835468267520", "5830319835468267520", "8013721229812826112", "1656608880802660352", "8013721229812826112"], "displayNames": ["Entity", "Entity", "Entity", "Relationship", "Relationship", "Relationship", "Relationship", "Relationship", "Relationship", "Entity", "Attribute", "Entity"], "bboxes": [[0.0536875241, 0.309624761, 0.875421762, 1.0], [0.0206598677, 0.268326283, 0.113197029, 0.281638], [0.502536714, 0.754599512, 0.427528948, 0.59210521], [0.0365117677, 0.202387974, 0.744875193, 0.821133], [0.104431629, 0.267294139, 0.35512805, 0.431126535], [0.478326857, 0.640134811, 0.693455637, 0.768708408], [0.415371895, 0.565045953, 0.000655394047, 0.0814341903], [0.389473855, 0.536318123, 0.198717937, 0.277949065], [0.769253, 0.917384, 0.362621784, 0.443232238], [0.00311211846, 0.248099253, 0.515438318, 0.725353956], [0.534404635, 0.676944911, 0.812633574, 0.863472521], [0.694058478, 0.950969577, 0.0771191865, 0.278575957]], "confidences": [0.999685764, 0.999562085, 0.999559462, 0.999407768, 0.999163508, 0.999046266, 0.998554647, 0.998139739, 0.998007357, 0.994986176, 0.993325233, 0.992974281]}