{"confidences": [0.999934793, 0.999858737, 0.999826372, 0.99981159, 0.999783218, 0.999781668, 0.999781072, 0.999682546, 0.999591887, 0.999289036, 0.99921751, 0.998971], "displayNames": ["Relationship", "Relationship", "Relationship", "Relationship", "Entity", "Relationship", "Relationship", "Relationship", "Entity", "Entity", "Entity", "Entity"], "ids": ["5830319835468267520", "5830319835468267520", "5830319835468267520", "5830319835468267520", "8013721229812826112", "5830319835468267520", "5830319835468267520", "5830319835468267520", "8013721229812826112", "8013721229812826112", "8013721229812826112", "8013721229812826112"], "bboxes": [[0.156271026, 0.243436113, 0.549672723, 0.586778402], [0.616104782, 0.681334317, 0.518281758, 0.546164334], [0.0728601515, 0.207008347, 0.263086706, 0.301182836], [0.75370419, 0.835811496, 0.526642442, 0.563316822], [0.378736705, 0.598675, 0.542093933, 0.685168684], [0.314660668, 0.42542243, 0.308261067, 0.346318573], [0.646459222, 0.740631759, 0.0804864243, 0.119231768], [0.804441512, 0.865750313, 0.281728655, 0.30866155], [0.259948701, 0.444822878, 0.133826911, 0.246921957], [0.590155661, 0.772284567, 0.160626948, 0.302039742], [0.705416799, 0.879362106, 0.368926197, 0.485089928], [0.0810939372, 0.271325499, 0.370691121, 0.475085735]]}