{"bboxes": [[0.376815051, 0.600052357, 0.54478997, 0.684560716], [0.0814654827, 0.264838547, 0.371740073, 0.47511676], [0.591463566, 0.775547743, 0.161816478, 0.303864807], [0.0749021843, 0.207588747, 0.26266858, 0.302145451], [0.259815663, 0.448132068, 0.133833259, 0.249977827], [0.708489895, 0.882129908, 0.372936815, 0.483316571], [0.615972817, 0.681599617, 0.518234134, 0.546400309], [0.316714883, 0.423558503, 0.308403462, 0.347318441], [0.157964364, 0.242666334, 0.549796104, 0.586794496], [0.755975127, 0.833518803, 0.52762109, 0.563620031], [0.804222941, 0.866724312, 0.281473339, 0.308844924], [0.647855401, 0.741050601, 0.0809191614, 0.118890867]], "ids": ["8013721229812826112", "8013721229812826112", "8013721229812826112", "5830319835468267520", "8013721229812826112", "8013721229812826112", "5830319835468267520", "5830319835468267520", "5830319835468267520", "5830319835468267520", "5830319835468267520", "5830319835468267520"], "displayNames": ["Entity", "Entity", "Entity", "Relationship", "Entity", "Entity", "Relationship", "Relationship", "Relationship", "Relationship", "Relationship", "Relationship"], "confidences": [0.999662757, 0.999195158, 0.998662472, 0.99865973, 0.998547733, 0.998187959, 0.998069346, 0.997426808, 0.99707818, 0.995744526, 0.995259106, 0.992716]}