{"confidences": [0.999903798, 0.999870539, 0.999840498, 0.999833107, 0.999772251, 0.999721587, 0.99971348, 0.999706209, 0.99969852, 0.99966085, 0.99957937, 0.998983562], "displayNames": ["Entity", "Entity", "Relationship", "Relationship", "Relationship", "Relationship", "Relationship", "Entity", "Entity", "Relationship", "Relationship", "Entity"], "ids": ["8013721229812826112", "8013721229812826112", "5830319835468267520", "5830319835468267520", "5830319835468267520", "5830319835468267520", "5830319835468267520", "8013721229812826112", "8013721229812826112", "5830319835468267520", "5830319835468267520", "8013721229812826112"], "bboxes": [[0.683727, 0.85387063, 0.28494671, 0.529989302], [0.124559186, 0.295710772, 0.519329786, 0.771181941], [0.318524301, 0.429968059, 0.0329976641, 0.125882298], [0.318207115, 0.42974183, 0.166642129, 0.260867178], [0.5571, 0.66884464, 0.882115424, 0.975051284], [0.272112727, 0.384735763, 0.345873743, 0.439800531], [0.336810052, 0.447986841, 0.613705814, 0.708444536], [0.490317702, 0.661461711, 0.536805332, 0.741536856], [0.113633484, 0.284417, 0.0147570623, 0.217877567], [0.693972111, 0.806721687, 0.584622562, 0.678483605], [0.704476893, 0.814612, 0.122128, 0.215834558], [0.462973654, 0.634713113, 0.0111038983, 0.217471853]]}