{"displayNames": ["Entity", "Entity", "Relationship", "Relationship", "Relationship", "Entity", "Relationship", "Entity", "Relationship", "Relationship", "Relationship", "Entity"], "ids": ["8013721229812826112", "8013721229812826112", "5830319835468267520", "5830319835468267520", "5830319835468267520", "8013721229812826112", "5830319835468267520", "8013721229812826112", "5830319835468267520", "5830319835468267520", "5830319835468267520", "8013721229812826112"], "bboxes": [[0.126864225, 0.295134604, 0.529795051, 0.770165801], [0.68504256, 0.852767169, 0.28854537, 0.531439], [0.557543457, 0.668791354, 0.882742822, 0.976053298], [0.337722212, 0.447009116, 0.617886782, 0.709228873], [0.319779396, 0.430009067, 0.168777898, 0.262401909], [0.489602327, 0.662627459, 0.538972557, 0.741300881], [0.272572517, 0.385623753, 0.347699106, 0.442087501], [0.116012715, 0.285655916, 0.0131249242, 0.22077702], [0.319025218, 0.429415941, 0.034159027, 0.128505617], [0.695579588, 0.805829465, 0.587729871, 0.679663241], [0.704197109, 0.815188587, 0.123803809, 0.219382137], [0.462956458, 0.635251701, 0.015009542, 0.220843494]], "confidences": [0.999747097, 0.999632835, 0.999311328, 0.9992975, 0.999194324, 0.99897635, 0.998954654, 0.99848336, 0.998448849, 0.998368442, 0.998263657, 0.997292221]}