{"bboxes": [[0.655275524, 0.882500648, 0.797618508, 0.93808949], [0.0903441608, 0.320065081, 0.383883655, 0.507042527], [0.64986515, 0.883229315, 0.459638238, 0.635439634], [0.046887327, 0.19629319, 0.234864637, 0.298868477], [0.126362324, 0.360106945, 0.794389963, 0.971237302], [0.093428731, 0.324441791, 0.0163655579, 0.161907926], [0.418880194, 0.570412099, 0.492080688, 0.556922436], [0.0219688416, 0.171862677, 0.705023348, 0.771824419], [0.688812554, 0.844017506, 0.684291899, 0.750672162], [0.219196215, 0.371285975, 0.234505579, 0.299871325], [0.430818379, 0.582230568, 0.843120337, 0.909755], [0.853797078, 0.99999994, 0.935193598, 0.999051869]], "confidences": [0.9998281, 0.99974674, 0.999731, 0.999662519, 0.999607265, 0.999532461, 0.999529123, 0.999506831, 0.999413, 0.999394417, 0.999141097, 0.998879611], "ids": ["8013721229812826112", "8013721229812826112", "8013721229812826112", "5830319835468267520", "8013721229812826112", "8013721229812826112", "5830319835468267520", "5830319835468267520", "5830319835468267520", "5830319835468267520", "5830319835468267520", "5830319835468267520"], "displayNames": ["Entity", "Entity", "Entity", "Relationship", "Entity", "Entity", "Relationship", "Relationship", "Relationship", "Relationship", "Relationship", "Relationship"]}