{"confidences": [0.999946594, 0.999928474, 0.999906778, 0.999906301, 0.999894142, 0.999887, 0.999876499, 0.999851227, 0.999849439, 0.99982208, 0.999684095, 0.99954], "displayNames": ["Entity", "Entity", "Entity", "Relationship", "Entity", "Entity", "Relationship", "Relationship", "Relationship", "Relationship", "Relationship", "Relationship"], "ids": ["8013721229812826112", "8013721229812826112", "8013721229812826112", "5830319835468267520", "8013721229812826112", "8013721229812826112", "5830319835468267520", "5830319835468267520", "5830319835468267520", "5830319835468267520", "5830319835468267520", "5830319835468267520"], "bboxes": [[0.0895382613, 0.321553767, 0.0165409297, 0.161359057], [0.653653741, 0.88062048, 0.795436919, 0.937401235], [0.653017759, 0.881963789, 0.455668092, 0.633478165], [0.0439193286, 0.198747635, 0.232427672, 0.298349947], [0.090477109, 0.319777459, 0.382053733, 0.503609121], [0.129950851, 0.359965891, 0.793774128, 0.967635632], [0.415496409, 0.572034836, 0.490734041, 0.555586755], [0.219146788, 0.371931165, 0.233291343, 0.298311412], [0.689272225, 0.844365299, 0.683378, 0.750670314], [0.0173405893, 0.169331118, 0.702904463, 0.771986723], [0.431465507, 0.582875133, 0.842070282, 0.909704149], [0.852942467, 0.998221576, 0.934862554, 0.998581707]]}