{"bboxes": [[0.168243036, 0.380534738, 0.245566815, 0.380031675], [0.282923311, 0.496920735, 0.799561739, 0.963621], [0.400486857, 0.537574708, 0.113370091, 0.175769448], [0.275560826, 0.413785845, 0.719105721, 0.782015085], [0.674695253, 0.814658761, 0.182669744, 0.246321604], [0.417484, 0.554896712, 0.486920565, 0.549560964], [0.603706598, 0.815961778, 0.254222542, 0.38894245], [0.239854068, 0.377084374, 0.426001, 0.488189101], [0.156609014, 0.371411681, 0.547936141, 0.711346328], [0.263817608, 0.398573935, 0.00333913416, 0.0654523745], [0.638613403, 0.778904498, 0.809100449, 0.871943891], [0.644950807, 0.861441553, 0.0397242308, 0.179246619]], "confidences": [0.999826, 0.999711, 0.99965632, 0.999637127, 0.999631047, 0.999465764, 0.999300957, 0.9992823, 0.999269664, 0.999180377, 0.999016285, 0.998265088], "displayNames": ["Entity", "Entity", "Relationship", "Relationship", "Relationship", "Relationship", "Entity", "Relationship", "Entity", "Relationship", "Relationship", "Entity"], "ids": ["8013721229812826112", "8013721229812826112", "5830319835468267520", "5830319835468267520", "5830319835468267520", "5830319835468267520", "8013721229812826112", "5830319835468267520", "8013721229812826112", "5830319835468267520", "5830319835468267520", "8013721229812826112"]}