{"ids": ["8013721229812826112", "8013721229812826112", "5830319835468267520", "5830319835468267520", "5830319835468267520", "5830319835468267520", "5830319835468267520", "8013721229812826112", "8013721229812826112", "8013721229812826112"], "displayNames": ["Entity", "Entity", "Relationship", "Relationship", "Relationship", "Relationship", "Relationship", "Entity", "Entity", "Entity"], "bboxes": [[0.504644036, 0.691482663, 0.594134927, 0.922554], [0.336628675, 0.452974617, 0.552725136, 0.801064551], [0.743870676, 0.854948342, 0.734852433, 0.860341787], [0.202008724, 0.315734327, 0.406834126, 0.535216928], [0.101974532, 0.212806, 0.611358047, 0.739887774], [0.863440156, 0.973258615, 0.147798166, 0.273266375], [0.635745466, 0.744329512, 0.391587049, 0.513418436], [0.427659243, 0.58327359, 0.0387420133, 0.381671667], [0.689189911, 0.802400947, 0.0366373882, 0.296150267], [0.0990493223, 0.288049579, 0.0355139077, 0.300099909]], "confidences": [0.99973017, 0.999426365, 0.999252498, 0.999249637, 0.999200761, 0.998998582, 0.99891758, 0.998685181, 0.998350382, 0.998211145]}