{"confidences": [0.999813735, 0.999582, 0.999493718, 0.99948895, 0.999319553, 0.999150515, 0.999138713, 0.999048412, 0.998671174, 0.998159945], "displayNames": ["Entity", "Entity", "Relationship", "Relationship", "Entity", "Relationship", "Relationship", "Attribute", "Entity", "Entity"], "ids": ["8013721229812826112", "8013721229812826112", "5830319835468267520", "5830319835468267520", "8013721229812826112", "5830319835468267520", "5830319835468267520", "1656608880802660352", "8013721229812826112", "8013721229812826112"], "bboxes": [[0.130452827, 0.314546, 0.247092634, 0.327652067], [0.667812824, 0.856270492, 0.316595852, 0.414929092], [0.433887035, 0.558911443, 0.601752281, 0.64720726], [0.469594151, 0.583474398, 0.332517982, 0.376978874], [0.0956209898, 0.285276264, 0.480325818, 0.599015832], [0.35020861, 0.472206235, 0.544952393, 0.587301135], [0.148078427, 0.274959743, 0.388958395, 0.433333158], [0.474043429, 0.578296483, 0.410186082, 0.440066785], [0.590897381, 0.783379, 0.471368194, 0.56778574], [0.515054703, 0.705376804, 0.707119763, 0.826204836]]}