{"confidences": [0.999691248, 0.99931252, 0.999022961, 0.998718, 0.998626947, 0.997812152, 0.997732043, 0.99633956, 0.993938446, 0.982944548], "bboxes": [[0.130554512, 0.318088174, 0.24779436, 0.329360813], [0.0954678282, 0.289567679, 0.482069254, 0.598871827], [0.35134986, 0.468308, 0.544533968, 0.588038683], [0.593950927, 0.784456849, 0.473279059, 0.57106787], [0.669787288, 0.859204352, 0.317432523, 0.414971292], [0.149861589, 0.274292588, 0.389611751, 0.433464557], [0.518127382, 0.703564584, 0.710624337, 0.826497078], [0.470677316, 0.582460701, 0.331552535, 0.376784474], [0.435778499, 0.557880223, 0.601395071, 0.646906435], [0.475935698, 0.577689767, 0.409811109, 0.440657109]], "ids": ["8013721229812826112", "8013721229812826112", "5830319835468267520", "8013721229812826112", "8013721229812826112", "5830319835468267520", "8013721229812826112", "5830319835468267520", "5830319835468267520", "1656608880802660352"], "displayNames": ["Entity", "Entity", "Relationship", "Entity", "Entity", "Relationship", "Entity", "Relationship", "Relationship", "Attribute"]}