{"confidences": [0.999673, 0.99965632, 0.999513268, 0.99942708, 0.999008119, 0.998731792, 0.998449802, 0.997925401, 0.997083485, 0.996690512, 0.996647775, 0.995709538], "displayNames": ["Entity", "Entity", "Entity", "Entity", "Relationship", "Relationship", "Relationship", "Relationship", "Entity", "Relationship", "Relationship", "Relationship"], "bboxes": [[0.128442526, 0.313688368, 0.59389329, 0.670617104], [0.374794602, 0.512025774, 0.689757705, 0.780752778], [0.611268818, 0.796226501, 0.567192793, 0.650403], [0.128623292, 0.309981167, 0.379526168, 0.452789813], [0.243259147, 0.337280601, 0.51062274, 0.557043076], [0.394480258, 0.485280901, 0.590699792, 0.636130333], [0.368535072, 0.459502369, 0.812073708, 0.85868609], [0.126902342, 0.220028386, 0.510603, 0.555866063], [0.615276396, 0.795871913, 0.372355402, 0.469035804], [0.634067178, 0.725734711, 0.690869212, 0.736844659], [0.417878956, 0.501391232, 0.392130613, 0.438690424], [0.795190334, 0.880003, 0.492890835, 0.539669514]], "ids": ["8013721229812826112", "8013721229812826112", "8013721229812826112", "8013721229812826112", "5830319835468267520", "5830319835468267520", "5830319835468267520", "5830319835468267520", "8013721229812826112", "5830319835468267520", "5830319835468267520", "5830319835468267520"]}