{"confidences": [0.999887705, 0.999847174, 0.999670386, 0.999635935, 0.999548852, 0.999546468, 0.99948287, 0.999371469, 0.999260604, 0.999255, 0.999153733, 0.998960853, 0.996291518], "displayNames": ["Relationship", "Relationship", "Relationship", "Relationship", "Entity", "Relationship", "Entity", "Entity", "Entity", "Relationship", "Relationship", "Attribute", "Entity"], "ids": ["5830319835468267520", "5830319835468267520", "5830319835468267520", "5830319835468267520", "8013721229812826112", "5830319835468267520", "8013721229812826112", "8013721229812826112", "8013721229812826112", "5830319835468267520", "5830319835468267520", "1656608880802660352", "8013721229812826112"], "bboxes": [[0.787941635, 0.863572419, 0.184351653, 0.295280337], [0.372646809, 0.448322177, 0.548612893, 0.660378814], [0.8061, 0.880894542, 0.817289472, 0.926366], [0.127709806, 0.201658845, 0.548826456, 0.662540197], [0.133550987, 0.249324098, 0.100903936, 0.348347753], [0.733291745, 0.807930231, 0.494690537, 0.607659698], [0.626979709, 0.741430879, 0.10226085, 0.343590707], [0.378620386, 0.493935168, 0.100235835, 0.402669221], [0.232671022, 0.344896793, 0.71114713, 0.947218478], [0.277178258, 0.351756066, 0.173994482, 0.2854577], [0.524557471, 0.598400593, 0.174808294, 0.283616841], [0.529552579, 0.592274189, 0.0184056312, 0.0912933052], [0.626706839, 0.742276669, 0.652037621, 0.941944301]]}