{"bboxes": [[0.135176912, 0.249448255, 0.108031474, 0.348923177], [0.629824281, 0.743104935, 0.10336116, 0.347534299], [0.373229414, 0.445665628, 0.552720904, 0.663238406], [0.807083845, 0.880985379, 0.819587171, 0.929825962], [0.790060341, 0.861853659, 0.18436639, 0.297591746], [0.382482529, 0.495992184, 0.104035601, 0.396531045], [0.128677934, 0.201176912, 0.552617, 0.664323092], [0.27796793, 0.351510346, 0.175346479, 0.28692022], [0.23295477, 0.345906585, 0.716979, 0.945794344], [0.734351516, 0.806405663, 0.494002491, 0.609814167], [0.524693668, 0.597694457, 0.172711864, 0.284308612], [0.629082739, 0.74208504, 0.653051615, 0.945678115], [0.529688358, 0.593096495, 0.0187108349, 0.101402089]], "ids": ["8013721229812826112", "8013721229812826112", "5830319835468267520", "5830319835468267520", "5830319835468267520", "8013721229812826112", "5830319835468267520", "5830319835468267520", "8013721229812826112", "5830319835468267520", "5830319835468267520", "8013721229812826112", "1656608880802660352"], "displayNames": ["Entity", "Entity", "Relationship", "Relationship", "Relationship", "Entity", "Relationship", "Relationship", "Entity", "Relationship", "Relationship", "Entity", "Attribute"], "confidences": [0.999307871, 0.999082446, 0.998391688, 0.997861087, 0.99688679, 0.996165752, 0.993658721, 0.993338466, 0.992961466, 0.99194628, 0.991083264, 0.989635885, 0.987790823]}