{"confidences": [0.999946594, 0.999921203, 0.999910712, 0.999905348, 0.999901414, 0.999847293, 0.999815166, 0.999776185, 0.999774754, 0.999766171, 0.999667287, 0.999657512, 0.999532342, 0.999458373, 0.999408126, 0.998637736, 0.997471094, 0.989580691], "displayNames": ["Relationship", "Relationship", "Relationship", "Relationship", "Relationship", "Relationship", "Entity", "Relationship", "Relationship", "Entity", "Relationship", "Relationship", "Entity", "Relationship", "Entity", "Entity", "Entity", "Entity"], "ids": ["5830319835468267520", "5830319835468267520", "5830319835468267520", "5830319835468267520", "5830319835468267520", "5830319835468267520", "8013721229812826112", "5830319835468267520", "5830319835468267520", "8013721229812826112", "5830319835468267520", "5830319835468267520", "8013721229812826112", "5830319835468267520", "8013721229812826112", "8013721229812826112", "8013721229812826112", "8013721229812826112"], "bboxes": [[0.465465426, 0.556179047, 0.252385139, 0.288373172], [0.466009468, 0.55511713, 0.198101342, 0.234182864], [0.155773133, 0.245943874, 0.252576232, 0.287393868], [0.46666351, 0.556048155, 0.306416899, 0.341393918], [0.466762722, 0.555868924, 0.379568756, 0.414825559], [0.798879862, 0.887244403, 0.337812126, 0.373314619], [0.600226104, 0.774993062, 0.189923525, 0.276907712], [0.774870336, 0.865609944, 0.272511512, 0.308060676], [0.211802319, 0.3226147, 0.630249381, 0.673479676], [0.243024498, 0.422826201, 0.190777779, 0.260226], [0.679876268, 0.792980373, 0.660005391, 0.704977095], [0.212416738, 0.32371062, 0.701913178, 0.74667269], [0.596020341, 0.775539, 0.301944196, 0.374970019], [0.125319913, 0.217832789, 0.39710936, 0.432603389], [0.243380949, 0.42473641, 0.280956328, 0.351563811], [0.387540579, 0.611728, 0.618967116, 0.706142128], [0.242213711, 0.42397, 0.370577961, 0.457927436], [0.385542691, 0.610949218, 0.735111713, 0.833179355]]}