{"confidences": [0.99947232, 0.999250472, 0.998744607, 0.998315215, 0.998249292, 0.998063147, 0.997987866, 0.99769479, 0.997528851, 0.996732, 0.996587157, 0.996331632, 0.995902956, 0.995671272, 0.994256794, 0.993835092, 0.9895823, 0.919101], "displayNames": ["Entity", "Entity", "Entity", "Entity", "Relationship", "Relationship", "Relationship", "Entity", "Relationship", "Relationship", "Entity", "Relationship", "Relationship", "Relationship", "Relationship", "Relationship", "Relationship", "WeakEntity"], "ids": ["8013721229812826112", "8013721229812826112", "8013721229812826112", "8013721229812826112", "5830319835468267520", "5830319835468267520", "5830319835468267520", "8013721229812826112", "5830319835468267520", "5830319835468267520", "8013721229812826112", "5830319835468267520", "5830319835468267520", "5830319835468267520", "5830319835468267520", "5830319835468267520", "5830319835468267520", "718679282821365760"], "bboxes": [[0.597230136, 0.77966249, 0.303826272, 0.3753739], [0.249030471, 0.423349112, 0.191684201, 0.259895086], [0.594966173, 0.776271939, 0.189961761, 0.278287262], [0.242509976, 0.424402922, 0.281635255, 0.353805631], [0.157663167, 0.246360853, 0.25155282, 0.28764689], [0.212931857, 0.321959645, 0.63035059, 0.673155785], [0.127386376, 0.218533784, 0.398149431, 0.432704628], [0.242975444, 0.423888445, 0.370173037, 0.459632695], [0.213304594, 0.325556815, 0.7031371, 0.74592787], [0.46643135, 0.556470454, 0.306370527, 0.341690928], [0.391160756, 0.609130442, 0.618782103, 0.708446443], [0.467374295, 0.554293, 0.198427901, 0.234195307], [0.77618897, 0.863837183, 0.272959024, 0.308818847], [0.467347711, 0.554323673, 0.380203813, 0.415820271], [0.466722548, 0.553903282, 0.25241223, 0.288158506], [0.679744184, 0.791833699, 0.661081493, 0.705144465], [0.798853934, 0.886511505, 0.337461978, 0.374444753], [0.373976, 0.627444685, 0.726150692, 0.838803113]]}