{"confidences": [0.999850631, 0.99983561, 0.999818742, 0.999785483, 0.999765456, 0.999763906, 0.999748766, 0.999746, 0.999724686, 0.999620199, 0.999437273, 0.999377191, 0.99922359], "displayNames": ["Relationship", "Entity", "Relationship", "Entity", "Relationship", "Relationship", "Relationship", "Relationship", "Entity", "Relationship", "Relationship", "Entity", "Entity"], "ids": ["5830319835468267520", "8013721229812826112", "5830319835468267520", "8013721229812826112", "5830319835468267520", "5830319835468267520", "5830319835468267520", "5830319835468267520", "8013721229812826112", "5830319835468267520", "5830319835468267520", "8013721229812826112", "8013721229812826112"], "bboxes": [[0.760235369, 0.873932421, 0.137831077, 0.248776734], [0.745701313, 0.915413618, 0.311129421, 0.599631548], [0.106671497, 0.220237628, 0.420588255, 0.5326069], [0.52434051, 0.698138237, 0.632926345, 0.924673796], [0.491539448, 0.604004204, 0.423284233, 0.530514657], [0.245161831, 0.356683314, 0.422578454, 0.531729281], [0.773665071, 0.887557626, 0.636367083, 0.745895445], [0.373843729, 0.484743834, 0.421907932, 0.531250775], [0.14306134, 0.312612534, 0.0292238761, 0.268858492], [0.368061483, 0.48025316, 0.81126684, 0.921358049], [0.625583768, 0.736294031, 0.422449827, 0.531369627], [0.525350809, 0.698758125, 0.0287322942, 0.263546467], [0.141501486, 0.315848619, 0.686145, 0.928560555]]}