{"confidences": [0.99979192, 0.999671102, 0.99946624, 0.999365628, 0.999172628, 0.999106, 0.998969674, 0.9988029, 0.998689353, 0.998549759, 0.998518527, 0.998246312, 0.997904181], "displayNames": ["Entity", "Relationship", "Entity", "Relationship", "Relationship", "Relationship", "Relationship", "Relationship", "Entity", "Relationship", "Entity", "Entity", "Relationship"], "ids": ["8013721229812826112", "5830319835468267520", "8013721229812826112", "5830319835468267520", "5830319835468267520", "5830319835468267520", "5830319835468267520", "5830319835468267520", "8013721229812826112", "5830319835468267520", "8013721229812826112", "8013721229812826112", "5830319835468267520"], "bboxes": [[0.527548969, 0.698507726, 0.642509699, 0.923109293], [0.373506397, 0.484791428, 0.424151093, 0.533132493], [0.747791648, 0.916231036, 0.319269836, 0.598407626], [0.10822925, 0.220807016, 0.423196554, 0.534391761], [0.24572733, 0.354402035, 0.427195489, 0.534207523], [0.368085802, 0.479591608, 0.812446117, 0.920998812], [0.491796106, 0.604160428, 0.424313813, 0.535084903], [0.762000561, 0.873953223, 0.139280885, 0.250426799], [0.525836, 0.697633505, 0.0260072369, 0.266075075], [0.6260342, 0.73640269, 0.422902972, 0.534632564], [0.141962215, 0.313599467, 0.689831316, 0.925355196], [0.141870201, 0.312245458, 0.0252304506, 0.26696071], [0.776255846, 0.886072636, 0.639953434, 0.748686552]]}