{"displayNames": ["Relationship", "Entity", "Entity", "Relationship", "Relationship", "Entity", "Relationship", "Relationship", "Relationship", "Entity", "Entity", "Relationship"], "confidences": [0.999452293, 0.999294281, 0.999224901, 0.999003589, 0.998882473, 0.998725712, 0.998636425, 0.998493791, 0.998208046, 0.998205304, 0.997936606, 0.994282722], "bboxes": [[0.6777426, 0.798493862, 0.232068092, 0.335481107], [0.672958493, 0.843439579, 0.0244381391, 0.172075629], [0.514609, 0.692925096, 0.781570137, 0.954644144], [0.538759232, 0.63788569, 0.182984054, 0.268811315], [0.277379811, 0.347978771, 0.832340539, 0.934579968], [0.115098558, 0.29010731, 0.596258938, 0.741593957], [0.358509034, 0.443311661, 0.713475525, 0.802985966], [0.26879856, 0.337700099, 0.465926766, 0.534175515], [0.671487868, 0.754075944, 0.53082633, 0.627688944], [0.421725392, 0.601723194, 0.325783, 0.519382775], [0.116470568, 0.292022496, 0.161095724, 0.307433277], [0.318136245, 0.387346, 0.332737833, 0.402147263]], "ids": ["5830319835468267520", "8013721229812826112", "8013721229812826112", "5830319835468267520", "5830319835468267520", "8013721229812826112", "5830319835468267520", "5830319835468267520", "5830319835468267520", "8013721229812826112", "8013721229812826112", "5830319835468267520"]}