{"confidences": [0.999809086, 0.999765217, 0.999667645, 0.999603927, 0.999585, 0.998179793, 0.99714309, 0.996416926, 0.995335758, 0.991627574, 0.975675464], "displayNames": ["Entity", "Entity", "Entity", "Entity", "Entity", "Relationship", "Relationship", "Relationship", "Relationship", "Relationship", "Attribute"], "bboxes": [[0.764485359, 0.86774987, 0.181700662, 0.251119673], [0.117129423, 0.262303323, 0.327134639, 0.38163957], [0.436597377, 0.579872429, 0.328111261, 0.398972183], [0.742621541, 0.886011422, 0.326933146, 0.384648085], [0.285739183, 0.389778882, 0.163340241, 0.220834464], [0.621995, 0.707014561, 0.341624171, 0.378205806], [0.773712695, 0.855972469, 0.400072932, 0.436469436], [0.771898746, 0.85776943, 0.271079212, 0.306849092], [0.772371, 0.857466817, 0.12457639, 0.161621183], [0.286215335, 0.38967365, 0.257637024, 0.298219383], [0.214167804, 0.269842267, 0.22820127, 0.254338324]], "ids": ["8013721229812826112", "8013721229812826112", "8013721229812826112", "8013721229812826112", "8013721229812826112", "5830319835468267520", "5830319835468267520", "5830319835468267520", "5830319835468267520", "5830319835468267520", "1656608880802660352"]}