{"confidences": [0.999871135, 0.999808729, 0.999775946, 0.999761522, 0.999534, 0.999514341, 0.99948597, 0.999467552, 0.999361, 0.999296665, 0.999163747, 0.996861935], "displayNames": ["Relationship", "Entity", "Relationship", "Entity", "Relationship", "Entity", "Entity", "Relationship", "Relationship", "Relationship", "Relationship", "Entity"], "ids": ["5830319835468267520", "8013721229812826112", "5830319835468267520", "8013721229812826112", "5830319835468267520", "8013721229812826112", "8013721229812826112", "5830319835468267520", "5830319835468267520", "5830319835468267520", "5830319835468267520", "8013721229812826112"], "bboxes": [[0.432345718, 0.490677804, 0.265981704, 0.303996891], [0.190506697, 0.357755065, 0.250992388, 0.326220602], [0.117811926, 0.230731189, 0.335608631, 0.37866202], [0.573007464, 0.749254465, 0.224400327, 0.346078396], [0.301843166, 0.41755864, 0.354319751, 0.399128795], [0.527330935, 0.700718164, 0.385041296, 0.506493628], [0.151184022, 0.32149896, 0.399645805, 0.497494817], [0.162033573, 0.277701169, 0.633396208, 0.679436624], [0.444751173, 0.539469242, 0.337958783, 0.382927924], [0.485999048, 0.599285722, 0.536115587, 0.581438243], [0.763274372, 0.877487898, 0.416415691, 0.462142944], [0.270605087, 0.441078901, 0.508763373, 0.605187595]]}