{"bboxes": [[0.193188936, 0.358905911, 0.25290063, 0.325849622], [0.572896421, 0.74933064, 0.226358771, 0.342377484], [0.529587746, 0.707548499, 0.389074743, 0.503657877], [0.151147708, 0.326676786, 0.400651753, 0.498620749], [0.764508784, 0.875971198, 0.415454626, 0.462849379], [0.271635324, 0.450541258, 0.510316372, 0.606319547], [0.117879145, 0.232003316, 0.335037947, 0.378302932], [0.445535779, 0.538387597, 0.338790566, 0.38309297], [0.432460099, 0.489848584, 0.266531408, 0.304670274], [0.302720845, 0.417823285, 0.354213983, 0.398020297], [0.162157446, 0.276915789, 0.634367466, 0.67857492], [0.48742196, 0.598312497, 0.536534429, 0.581103802]], "confidences": [0.999747932, 0.998620629, 0.998500466, 0.998234272, 0.997977793, 0.997881472, 0.997858107, 0.99782759, 0.997814775, 0.997712851, 0.997143805, 0.98813045], "displayNames": ["Entity", "Entity", "Entity", "Entity", "Relationship", "Entity", "Relationship", "Relationship", "Relationship", "Relationship", "Relationship", "Relationship"], "ids": ["8013721229812826112", "8013721229812826112", "8013721229812826112", "8013721229812826112", "5830319835468267520", "8013721229812826112", "5830319835468267520", "5830319835468267520", "5830319835468267520", "5830319835468267520", "5830319835468267520", "5830319835468267520"]}