{"confidences": [0.999905825, 0.999825656, 0.999785244, 0.999780715, 0.999739945, 0.99969244, 0.999680758, 0.999661922, 0.999552071, 0.999469, 0.999451458, 0.999311209, 0.999070466, 0.999025702], "displayNames": ["Entity", "Entity", "Relationship", "Entity", "Relationship", "Relationship", "Relationship", "Relationship", "Entity", "Attribute", "Relationship", "Relationship", "Attribute", "Entity"], "ids": ["8013721229812826112", "8013721229812826112", "5830319835468267520", "8013721229812826112", "5830319835468267520", "5830319835468267520", "5830319835468267520", "5830319835468267520", "8013721229812826112", "1656608880802660352", "5830319835468267520", "5830319835468267520", "1656608880802660352", "8013721229812826112"], "bboxes": [[0.770379901, 0.937682867, 0.559510946, 0.777379215], [0.691658616, 0.931063771, 0.0300379638, 0.21865584], [0.802648365, 0.894276798, 0.836794555, 0.974490583], [0.426628739, 0.658613205, 0.323609442, 0.543356776], [0.402468354, 0.475211054, 0.605936468, 0.715025842], [0.550376058, 0.633982182, 0.064599745, 0.187437922], [0.321936816, 0.411104053, 0.193701208, 0.303643793], [0.676105797, 0.759654582, 0.276851594, 0.405769587], [0.182115972, 0.415900469, 0.0215208661, 0.161547676], [0.311978877, 0.402710974, 0.363658845, 0.419178665], [0.202199072, 0.295212388, 0.311599404, 0.433339], [0.786581695, 0.868760288, 0.347073436, 0.464978486], [0.283337384, 0.377676517, 0.431174845, 0.485188186], [0.182643414, 0.353386104, 0.558717728, 0.726237953]]}