{"displayNames": ["Entity", "Entity", "Relationship", "WeakRelationship", "Entity", "Relationship", "WeakRelationship", "Relationship", "Entity", "Relationship", "WeakRelationship", "Attribute", "Attribute", "Entity"], "confidences": [0.999844313, 0.999704301, 0.999297619, 0.999284208, 0.99890244, 0.998644292, 0.998298347, 0.99821943, 0.997195601, 0.99717772, 0.995413363, 0.994043171, 0.988472879, 0.956375957], "ids": ["8013721229812826112", "8013721229812826112", "5830319835468267520", "6169160731846508544", "8013721229812826112", "5830319835468267520", "6169160731846508544", "5830319835468267520", "8013721229812826112", "5830319835468267520", "6169160731846508544", "1656608880802660352", "1656608880802660352", "8013721229812826112"], "bboxes": [[0.43059954, 0.659372866, 0.323597163, 0.543305457], [0.771964133, 0.939127624, 0.565519869, 0.777531445], [0.402751625, 0.474107921, 0.6101439, 0.718281], [0.67401886, 0.761005878, 0.282363474, 0.412706643], [0.182660639, 0.352850318, 0.561907232, 0.726741672], [0.803360343, 0.894390941, 0.839542687, 0.973454356], [0.783881783, 0.867720485, 0.347704679, 0.472967], [0.321610689, 0.41275692, 0.192639887, 0.305498093], [0.183416218, 0.415452212, 0.026563555, 0.164142057], [0.203275338, 0.294602543, 0.315420598, 0.437805504], [0.549343348, 0.634289622, 0.0669991374, 0.192258745], [0.3099114, 0.403084666, 0.366158187, 0.420308769], [0.281300604, 0.376635849, 0.432485133, 0.488413781], [0.694796741, 0.941203177, 0.0240768753, 0.221900985]]}