{"ids": ["8013721229812826112", "8013721229812826112", "5830319835468267520", "8013721229812826112", "8013721229812826112", "8013721229812826112", "5830319835468267520", "5830319835468267520", "5830319835468267520", "718679282821365760"], "bboxes": [[0.515550792, 0.619578242, 0.269182324, 0.343690336], [0.308744878, 0.406781852, 0.240441, 0.291764], [0.231385261, 0.314316332, 0.300652802, 0.332963169], [0.772960544, 0.879481196, 0.347885191, 0.397975326], [0.127255559, 0.230759576, 0.360580117, 0.408810407], [0.490789622, 0.592316329, 0.360645562, 0.423580676], [0.271026611, 0.336912334, 0.357780695, 0.382166386], [0.643943667, 0.71098876, 0.229147583, 0.252345711], [0.617152691, 0.684536934, 0.371520728, 0.396907479], [0.11182382, 0.306893498, 0.509678841, 0.631911635]], "confidences": [0.999834418, 0.998933852, 0.998684824, 0.998522222, 0.998419046, 0.995604157, 0.992134452, 0.9839288, 0.976904452, 0.913728237], "displayNames": ["Entity", "Entity", "Relationship", "Entity", "Entity", "Entity", "Relationship", "Relationship", "Relationship", "WeakEntity"]}