{"confidences": [0.999974847, 0.999935389, 0.999920249, 0.999815643, 0.99980396, 0.99936074, 0.998949707, 0.998156726, 0.99807632, 0.997567058, 0.996773183, 0.991984308, 0.988135934, 0.984040439], "displayNames": ["Relationship", "Relationship", "Entity", "Relationship", "Relationship", "Relationship", "Entity", "Entity", "Entity", "Entity", "Entity", "Attribute", "Relationship", "Attribute"], "ids": ["5830319835468267520", "5830319835468267520", "8013721229812826112", "5830319835468267520", "5830319835468267520", "5830319835468267520", "8013721229812826112", "8013721229812826112", "8013721229812826112", "8013721229812826112", "8013721229812826112", "1656608880802660352", "5830319835468267520", "1656608880802660352"], "bboxes": [[0.230526268, 0.314085424, 0.301749319, 0.333011538], [0.271949798, 0.335461587, 0.357608825, 0.383761674], [0.514911354, 0.61739409, 0.266172439, 0.342158347], [0.616894186, 0.684179366, 0.372297853, 0.396113068], [0.43779543, 0.505693, 0.215171516, 0.239357948], [0.642608345, 0.710189462, 0.228544682, 0.251470596], [0.125754982, 0.291610211, 0.520625293, 0.626201093], [0.490653276, 0.590973914, 0.361204535, 0.423796564], [0.126628518, 0.229225025, 0.362555474, 0.411366791], [0.30560106, 0.408309221, 0.240745917, 0.290221602], [0.770889938, 0.877597094, 0.348157078, 0.398519486], [0.682117105, 0.73996985, 0.187145337, 0.204825148], [0.41198495, 0.447973758, 0.376741052, 0.415531456], [0.648179054, 0.704706967, 0.265442044, 0.282139033]]}