{"bboxes": [[0.593185186, 0.770236611, 0.0604918823, 0.319448], [0.195580408, 0.292617202, 0.381667703, 0.454613417], [0.557571173, 0.648853898, 0.383143127, 0.455912203], [0.145573571, 0.346918225, 0.0560722575, 0.324709564], [0.426114261, 0.513355732, 0.168816358, 0.253300518], [0.617192924, 0.822677553, 0.544336, 0.819655776], [0.37272194, 0.458024234, 0.546876609, 0.622539043], [0.833340883, 0.928192, 0.155179232, 0.232767671], [0.435648859, 0.519408047, 0.64455986, 0.717809141], [0.709142685, 0.802752137, 0.392238855, 0.468858033], [0.127671823, 0.328415513, 0.611077666, 0.958611488]], "confidences": [0.999110043, 0.998745084, 0.998648822, 0.998511374, 0.998488545, 0.998411059, 0.99831605, 0.997401595, 0.996415854, 0.996259689, 0.994536757], "displayNames": ["Entity", "Relationship", "Relationship", "Entity", "Relationship", "Entity", "Relationship", "Relationship", "Relationship", "Relationship", "Entity"], "ids": ["8013721229812826112", "5830319835468267520", "5830319835468267520", "8013721229812826112", "5830319835468267520", "8013721229812826112", "5830319835468267520", "5830319835468267520", "5830319835468267520", "5830319835468267520", "8013721229812826112"]}