{"confidences": [0.999900222, 0.999771178, 0.999747217, 0.999699712, 0.999689698, 0.999647617, 0.999591291, 0.999574244, 0.999504209, 0.999419332, 0.999047577], "displayNames": ["Entity", "Relationship", "Relationship", "Entity", "Relationship", "Entity", "Relationship", "Entity", "Relationship", "Relationship", "Relationship"], "ids": ["8013721229812826112", "5830319835468267520", "5830319835468267520", "8013721229812826112", "5830319835468267520", "8013721229812826112", "5830319835468267520", "8013721229812826112", "5830319835468267520", "5830319835468267520", "5830319835468267520"], "bboxes": [[0.592279553, 0.768732429, 0.058093369, 0.318968028], [0.555369616, 0.650533438, 0.381323785, 0.455205113], [0.194608241, 0.292308152, 0.381460279, 0.454797745], [0.141624153, 0.344968379, 0.0586675145, 0.329283953], [0.831428289, 0.928551793, 0.15660432, 0.229011], [0.61710012, 0.820931077, 0.544270456, 0.816896915], [0.707242, 0.804255962, 0.393945962, 0.467183173], [0.126150414, 0.328417361, 0.611110687, 0.958982944], [0.37122798, 0.459888279, 0.548749268, 0.621290803], [0.425861537, 0.514399, 0.168134898, 0.253413498], [0.43387115, 0.522973955, 0.642676711, 0.717217386]]}