{"confidences": [0.999935865, 0.999931335, 0.999921679, 0.999897242, 0.999885559, 0.999833345, 0.999817073, 0.999806464, 0.999720752, 0.999680042, 0.99963963, 0.999622464], "displayNames": ["Relationship", "Relationship", "Entity", "Entity", "Entity", "Entity", "Relationship", "Entity", "Relationship", "Relationship", "Relationship", "Relationship"], "ids": ["5830319835468267520", "5830319835468267520", "8013721229812826112", "8013721229812826112", "8013721229812826112", "8013721229812826112", "5830319835468267520", "8013721229812826112", "5830319835468267520", "5830319835468267520", "5830319835468267520", "5830319835468267520"], "bboxes": [[0.50553, 0.587285161, 0.0456980355, 0.142346188], [0.742334306, 0.800781429, 0.607666433, 0.70418179], [0.459856361, 0.631903529, 0.175671294, 0.463394701], [0.685361385, 0.857446074, 0.285922557, 0.543139815], [0.23523064, 0.408420086, 0.518707275, 0.778326273], [0.234807879, 0.409188956, 0.0178651344, 0.24679473], [0.536996424, 0.594363153, 0.83333081, 0.930265725], [0.477609456, 0.650760472, 0.484937, 0.744606137], [0.18143338, 0.239053547, 0.256164134, 0.350489408], [0.142512426, 0.202051178, 0.318017274, 0.413246691], [0.338986039, 0.421383381, 0.319345385, 0.412953585], [0.737088919, 0.804473758, 0.0684315935, 0.165280983]]}