{"bboxes": [[0.236416191, 0.408310086, 0.522900045, 0.775883079], [0.686838448, 0.857386529, 0.290025592, 0.54447937], [0.479319811, 0.65256238, 0.491500378, 0.7430318], [0.536315262, 0.592924416, 0.833987355, 0.92905885], [0.458534628, 0.63204658, 0.181633756, 0.464122832], [0.179943845, 0.237490281, 0.256509781, 0.353875846], [0.742640376, 0.798453569, 0.607271492, 0.70570451], [0.504835725, 0.587643862, 0.0462409966, 0.142816067], [0.231979, 0.405878365, 0.0170368981, 0.247299388], [0.338898629, 0.420605272, 0.318000972, 0.415467799], [0.142902613, 0.20208317, 0.318001777, 0.414942], [0.737219, 0.804037571, 0.0695247576, 0.167434111]], "confidences": [0.999873161, 0.999812782, 0.999653697, 0.999522567, 0.999283731, 0.998990595, 0.998859048, 0.998858571, 0.998737633, 0.998324692, 0.995674431, 0.994634032], "ids": ["8013721229812826112", "8013721229812826112", "8013721229812826112", "5830319835468267520", "8013721229812826112", "5830319835468267520", "5830319835468267520", "5830319835468267520", "8013721229812826112", "5830319835468267520", "5830319835468267520", "5830319835468267520"], "displayNames": ["Entity", "Entity", "Entity", "Relationship", "Entity", "Relationship", "Relationship", "Relationship", "Entity", "Relationship", "Relationship", "Relationship"]}