{"ids": ["8013721229812826112", "8013721229812826112", "5830319835468267520", "8013721229812826112", "5830319835468267520", "5830319835468267520", "8013721229812826112", "5830319835468267520", "5830319835468267520", "5830319835468267520", "8013721229812826112"], "displayNames": ["Entity", "Entity", "Relationship", "Entity", "Relationship", "Relationship", "Entity", "Relationship", "Relationship", "Relationship", "Entity"], "confidences": [0.99962008, 0.998974204, 0.9987638, 0.998738348, 0.998419046, 0.997647941, 0.997564554, 0.997337759, 0.997206867, 0.996612608, 0.995391369], "bboxes": [[0.154476374, 0.412723303, 0.200980768, 0.342704356], [0.20894362, 0.388189614, 0.654323757, 0.84009856], [0.521621823, 0.63413924, 0.496278226, 0.541823208], [0.639506459, 0.872075617, 0.611841202, 0.733369231], [0.442153126, 0.555096865, 0.771442652, 0.816953659], [0.471244425, 0.554618478, 0.403322816, 0.433754086], [0.249497652, 0.424719632, 0.525081217, 0.637318075], [0.730653107, 0.840276122, 0.504725277, 0.549095094], [0.148571461, 0.261857897, 0.482627124, 0.527299166], [0.470481485, 0.583958805, 0.216301724, 0.262079835], [0.641827, 0.887655914, 0.27573514, 0.469545603]]}