{"confidences": [0.999940515, 0.999868631, 0.999746144, 0.999688625, 0.99967742, 0.999671578, 0.99957794, 0.999571145, 0.999385, 0.999362767, 0.999274313], "displayNames": ["Relationship", "Entity", "Entity", "Entity", "Relationship", "Relationship", "Relationship", "Relationship", "Entity", "Relationship", "Entity"], "ids": ["5830319835468267520", "8013721229812826112", "8013721229812826112", "8013721229812826112", "5830319835468267520", "5830319835468267520", "5830319835468267520", "5830319835468267520", "8013721229812826112", "5830319835468267520", "8013721229812826112"], "bboxes": [[0.4700481, 0.555306494, 0.403143167, 0.433645308], [0.209065244, 0.382268459, 0.653482258, 0.840005815], [0.151228935, 0.41136378, 0.199903756, 0.340846092], [0.642908692, 0.889142334, 0.270634949, 0.470871806], [0.728901744, 0.844749, 0.503834665, 0.548325241], [0.440711975, 0.555326939, 0.770761728, 0.816556573], [0.518887, 0.635245383, 0.496709108, 0.54262495], [0.469076723, 0.583752215, 0.216045663, 0.26120919], [0.642620504, 0.873377681, 0.610076249, 0.731981814], [0.145592526, 0.260891438, 0.481843889, 0.528148234], [0.249197677, 0.426251024, 0.525269032, 0.637269139]]}