{"confidences": [0.999919534, 0.999917269, 0.999915838, 0.99988687, 0.999852896, 0.999798954, 0.999773324, 0.999765575, 0.999737442, 0.999709547, 0.999643207, 0.999615312, 0.999551237, 0.999385476, 0.999323726, 0.99920553, 0.998904586, 0.998846292, 0.996854246], "displayNames": ["Entity", "Entity", "Relationship", "Relationship", "Entity", "Relationship", "Entity", "Relationship", "Relationship", "Attribute", "Relationship", "Relationship", "Relationship", "Attribute", "Attribute", "Entity", "Attribute", "Entity", "Entity"], "ids": ["8013721229812826112", "8013721229812826112", "5830319835468267520", "5830319835468267520", "8013721229812826112", "5830319835468267520", "8013721229812826112", "5830319835468267520", "5830319835468267520", "1656608880802660352", "5830319835468267520", "5830319835468267520", "5830319835468267520", "1656608880802660352", "1656608880802660352", "8013721229812826112", "1656608880802660352", "8013721229812826112", "8013721229812826112"], "bboxes": [[0.222832456, 0.3586936, 0.178652883, 0.257190764], [0.206612647, 0.345975518, 0.441466689, 0.520803392], [0.684066057, 0.776696, 0.34349218, 0.379817575], [0.572563708, 0.664380789, 0.27760309, 0.312185168], [0.564111471, 0.701172292, 0.177696943, 0.25764662], [0.359562218, 0.481114149, 0.661151409, 0.709349275], [0.392796308, 0.529264629, 0.302390486, 0.397884637], [0.779473364, 0.872585893, 0.469465137, 0.505937696], [0.427625179, 0.562158525, 0.839977086, 0.893749893], [0.103121839, 0.180049673, 0.320190877, 0.344491094], [0.379022241, 0.472888917, 0.230920866, 0.267309248], [0.216028333, 0.308300376, 0.332360238, 0.36741361], [0.735761344, 0.829022288, 0.197155774, 0.233078778], [0.508884907, 0.614259481, 0.728776097, 0.761469483], [0.4763484, 0.579234898, 0.594040632, 0.625750422], [0.585658669, 0.723703, 0.442690164, 0.538615167], [0.103648126, 0.178983688, 0.352426291, 0.375556767], [0.112199202, 0.302093953, 0.636740863, 0.742390096], [0.127973035, 0.333951592, 0.812725604, 0.92943722]]}