{"displayNames": ["Entity", "Entity", "Entity", "Entity", "Entity", "Relationship", "Entity", "Relationship", "Entity", "Relationship", "Relationship", "Attribute", "Relationship", "Relationship", "Attribute", "Relationship", "Relationship", "Attribute", "Attribute"], "bboxes": [[0.208532408, 0.348186672, 0.443284631, 0.522136748], [0.22258392, 0.361756325, 0.1791403, 0.257207394], [0.565536261, 0.702735364, 0.18001841, 0.258613646], [0.393558085, 0.533447, 0.302701414, 0.398111343], [0.588496447, 0.72926265, 0.443530947, 0.539426923], [0.426987529, 0.56076467, 0.840331614, 0.893626869], [0.127854183, 0.336727023, 0.814399958, 0.929206848], [0.361297399, 0.481087565, 0.661307752, 0.709129512], [0.114583597, 0.300548702, 0.637100875, 0.74271971], [0.782081962, 0.871779442, 0.470195, 0.506774426], [0.737078965, 0.830252051, 0.196765974, 0.233444884], [0.106628858, 0.177849948, 0.351705134, 0.375554681], [0.685072482, 0.776127398, 0.343418032, 0.381162971], [0.379712135, 0.471006781, 0.230974391, 0.267076522], [0.104199409, 0.177989185, 0.320113927, 0.343630761], [0.573896408, 0.663498759, 0.277284831, 0.312452644], [0.216382101, 0.308377087, 0.331948221, 0.367674291], [0.477898568, 0.577141464, 0.593107045, 0.626319468], [0.51136142, 0.612224936, 0.729221463, 0.761662245]], "confidences": [0.999919534, 0.999877334, 0.999838948, 0.999299884, 0.999245524, 0.998743594, 0.998548925, 0.998333156, 0.998287499, 0.997498333, 0.997269571, 0.99670428, 0.994300723, 0.992994368, 0.992868066, 0.99112767, 0.990467727, 0.982458651, 0.97502476], "ids": ["8013721229812826112", "8013721229812826112", "8013721229812826112", "8013721229812826112", "8013721229812826112", "5830319835468267520", "8013721229812826112", "5830319835468267520", "8013721229812826112", "5830319835468267520", "5830319835468267520", "1656608880802660352", "5830319835468267520", "5830319835468267520", "1656608880802660352", "5830319835468267520", "5830319835468267520", "1656608880802660352", "1656608880802660352"]}