{"bboxes": [[0.607191503, 0.828496158, 0.427461416, 0.574760795], [0.20713897, 0.430255622, 0.180001229, 0.303120524], [0.259297132, 0.411976427, 0.367262602, 0.434616983], [0.83320725, 0.977569044, 0.32610786, 0.383198738], [0.232429266, 0.451759875, 0.461161703, 0.585643], [0.428347528, 0.6529724, 0.0243172497, 0.17570436], [0.721460342, 0.878784597, 0.0297358036, 0.0993244797], [0.601081, 0.742196798, 0.336731195, 0.391321719], [0.255937576, 0.397240609, 0.0633008, 0.125383362], [0.644530356, 0.861854851, 0.179452062, 0.303049088], [0.459109634, 0.612704158, 0.366906583, 0.43618995], [0.799971282, 0.942496836, 0.580331326, 0.636562943]], "ids": ["8013721229812826112", "8013721229812826112", "5830319835468267520", "5830319835468267520", "8013721229812826112", "8013721229812826112", "5830319835468267520", "5830319835468267520", "5830319835468267520", "8013721229812826112", "5830319835468267520", "5830319835468267520"], "displayNames": ["Entity", "Entity", "Relationship", "Relationship", "Entity", "Entity", "Relationship", "Relationship", "Relationship", "Entity", "Relationship", "Relationship"], "confidences": [0.99966681, 0.999574721, 0.999507666, 0.999248683, 0.999200404, 0.998966813, 0.998823, 0.998659372, 0.998642743, 0.99848181, 0.998382926, 0.997100174]}