{"confidences": [0.999765, 0.999447644, 0.999364078, 0.999128282, 0.997857034, 0.997504413, 0.996823788, 0.99638617, 0.996036, 0.995317578, 0.993045866, 0.991781175], "displayNames": ["Entity", "Entity", "Entity", "Entity", "Relationship", "Relationship", "Relationship", "Relationship", "Relationship", "Relationship", "Entity", "Relationship"], "bboxes": [[0.250020325, 0.375466347, 0.536359072, 0.740541279], [0.178643882, 0.298751175, 0.0188386384, 0.204865888], [0.697780907, 0.822950184, 0.483768284, 0.694411695], [0.431227446, 0.555696964, 0.704310417, 0.963420451], [0.377887458, 0.458601981, 0.372889668, 0.473940134], [0.577987909, 0.658721685, 0.611804605, 0.711101294], [0.591523886, 0.671204, 0.817703843, 0.915368497], [0.258249313, 0.33942619, 0.373921752, 0.47175464], [0.33721894, 0.415676773, 0.0646094829, 0.162715167], [0.831397176, 0.90938282, 0.564344, 0.658541203], [0.461711615, 0.594067156, 0.0176194459, 0.288653821], [0.603644073, 0.684253752, 0.342611, 0.441986054]], "ids": ["8013721229812826112", "8013721229812826112", "8013721229812826112", "8013721229812826112", "5830319835468267520", "5830319835468267520", "5830319835468267520", "5830319835468267520", "5830319835468267520", "5830319835468267520", "8013721229812826112", "5830319835468267520"]}