{"bboxes": [[0.477044404, 0.629607737, 0.566701949, 0.632348359], [0.426020056, 0.58041811, 0.390547514, 0.47369355], [0.298827797, 0.397819102, 0.417872, 0.458291233], [0.268786758, 0.356319696, 0.171638831, 0.220152155], [0.485775471, 0.570415854, 0.171842292, 0.231045648], [0.487577945, 0.571253061, 0.2433054, 0.301038116], [0.117161, 0.272365063, 0.367743105, 0.474122375], [0.701756299, 0.789125502, 0.171752661, 0.220471025], [0.118293323, 0.270319939, 0.544671178, 0.649730444], [0.329969257, 0.414355963, 0.527205348, 0.555512309], [0.324680775, 0.421735078, 0.578457, 0.61813271], [0.266210884, 0.35548681, 0.267571449, 0.315567791], [0.187864244, 0.240969583, 0.235629603, 0.258507967], [0.608988762, 0.663256407, 0.243921965, 0.26653412], [0.608602643, 0.663355947, 0.18401, 0.205687612], [0.118937805, 0.173997059, 0.235665679, 0.258785903], [0.398436755, 0.458887875, 0.275462061, 0.298842102]], "ids": ["8013721229812826112", "8013721229812826112", "5830319835468267520", "8013721229812826112", "8013721229812826112", "8013721229812826112", "8013721229812826112", "8013721229812826112", "8013721229812826112", "1656608880802660352", "5830319835468267520", "8013721229812826112", "5830319835468267520", "5830319835468267520", "5830319835468267520", "5830319835468267520", "5830319835468267520"], "displayNames": ["Entity", "Entity", "Relationship", "Entity", "Entity", "Entity", "Entity", "Entity", "Entity", "Attribute", "Relationship", "Entity", "Relationship", "Relationship", "Relationship", "Relationship", "Relationship"], "confidences": [0.999766409, 0.999047816, 0.998402536, 0.998000801, 0.997817278, 0.997501791, 0.996585488, 0.99583286, 0.995073736, 0.993380189, 0.990482092, 0.989867, 0.983548462, 0.966966569, 0.966325521, 0.961662531, 0.947468102]}