{"bboxes": [[0.550964952, 0.656332254, 0.510033309, 0.635120511], [0.275527298, 0.380475819, 0.0169239584, 0.146187246], [0.297893524, 0.401944578, 0.479967743, 0.607456326], [0.484342724, 0.588064849, 0.169346243, 0.322925448], [0.56917274, 0.673068881, 0.734391451, 0.889306366], [0.654338956, 0.722518921, 0.922458172, 0.982521594], [0.649807632, 0.71629113, 0.647417367, 0.707897544], [0.401135802, 0.470073819, 0.382346034, 0.44245258], [0.625629783, 0.694295168, 0.400972366, 0.462124377], [0.283252329, 0.351257533, 0.327008903, 0.386416703], [0.485329837, 0.554235101, 0.694716513, 0.756693423], [0.395513892, 0.463096797, 0.128657743, 0.18900165]], "confidences": [0.99983418, 0.999673843, 0.999447644, 0.999233961, 0.999042, 0.99788934, 0.997795343, 0.996388078, 0.995955, 0.993001103, 0.992352307, 0.988010466], "ids": ["8013721229812826112", "8013721229812826112", "8013721229812826112", "8013721229812826112", "8013721229812826112", "5830319835468267520", "5830319835468267520", "5830319835468267520", "5830319835468267520", "5830319835468267520", "5830319835468267520", "5830319835468267520"], "displayNames": ["Entity", "Entity", "Entity", "Entity", "Entity", "Relationship", "Relationship", "Relationship", "Relationship", "Relationship", "Relationship", "Relationship"]}