{"displayNames": ["Entity", "Entity", "Entity", "Entity", "Entity", "Relationship", "Relationship", "Relationship", "Relationship", "Relationship", "Relationship", "Relationship"], "confidences": [0.999936581, 0.999857545, 0.99984467, 0.999816835, 0.999403834, 0.99846679, 0.99521184, 0.995006144, 0.993367374, 0.991509318, 0.981440902, 0.95935744], "bboxes": [[0.424401462, 0.549488068, 0.435095787, 0.49892658], [0.713621855, 0.835377455, 0.420747757, 0.496539831], [0.157840863, 0.283410698, 0.264882684, 0.330975533], [0.425605416, 0.553483665, 0.26526472, 0.345315546], [0.714118779, 0.841751337, 0.266518414, 0.330889165], [0.644499, 0.726579905, 0.496800542, 0.525422], [0.493229538, 0.577158451, 0.36664322, 0.396831185], [0.72036916, 0.804982662, 0.361998796, 0.392271817], [0.404236525, 0.487353653, 0.366580337, 0.397339672], [0.314444423, 0.380905688, 0.284638464, 0.308147132], [0.606752038, 0.674413621, 0.285990775, 0.308666706], [0.837339461, 0.917651296, 0.328810543, 0.358684808]], "ids": ["8013721229812826112", "8013721229812826112", "8013721229812826112", "8013721229812826112", "8013721229812826112", "5830319835468267520", "5830319835468267520", "5830319835468267520", "5830319835468267520", "5830319835468267520", "5830319835468267520", "5830319835468267520"]}