{"confidences": [0.999551952, 0.999014258, 0.998320162, 0.998310566, 0.997867703, 0.997701466, 0.997635126, 0.997570813, 0.997406662, 0.995907426, 0.994709, 0.993053138], "bboxes": [[0.00352520472, 0.234935135, 0.207107693, 0.289874434], [0.202312, 0.277837604, 0.337904632, 0.372732401], [0.139706403, 0.215778396, 0.393275559, 0.429466426], [0.331266433, 0.548457682, 0.439024389, 0.549181283], [0.0140686957, 0.113512024, 0.39247334, 0.431503594], [0.732390344, 0.947299838, 0.309040278, 0.417915493], [0.368566424, 0.597293258, 0.201626778, 0.295898318], [0.273096889, 0.347377777, 0.326528281, 0.361501485], [0.029232407, 0.260649323, 0.503523231, 0.599902868], [0.703506589, 0.810928464, 0.438391477, 0.482574731], [0.63761127, 0.72238946, 0.224090755, 0.264522284], [0.405911416, 0.487022132, 0.342121243, 0.373331964]], "ids": ["8013721229812826112", "5830319835468267520", "5830319835468267520", "8013721229812826112", "5830319835468267520", "8013721229812826112", "8013721229812826112", "5830319835468267520", "8013721229812826112", "5830319835468267520", "5830319835468267520", "5830319835468267520"], "displayNames": ["Entity", "Relationship", "Relationship", "Entity", "Relationship", "Entity", "Entity", "Relationship", "Entity", "Relationship", "Relationship", "Relationship"]}