{"confidences": [0.999953866, 0.999921441, 0.999918342, 0.999829292, 0.999803722, 0.999214649, 0.999030232, 0.998962522, 0.998347759, 0.997891366, 0.997199774, 0.996439636], "bboxes": [[0.761384308, 0.858627737, 0.359397829, 0.434487641], [0.768299401, 0.884555876, 0.525877535, 0.605349481], [0.369107038, 0.484465092, 0.379998416, 0.444877774], [0.115626276, 0.231236592, 0.556022465, 0.616171181], [0.440503895, 0.561910212, 0.551943839, 0.616713464], [0.294980645, 0.370629281, 0.618436575, 0.649354696], [0.534065187, 0.610366523, 0.4716115, 0.502613246], [0.17397356, 0.2500543, 0.395564467, 0.426375479], [0.534965277, 0.6122334, 0.349317223, 0.380019933], [0.285795391, 0.361701518, 0.520518601, 0.551395953], [0.63613981, 0.71196425, 0.56510222, 0.595525742], [0.610175371, 0.687453, 0.397779822, 0.428817272]], "displayNames": ["Entity", "Entity", "Entity", "Entity", "Entity", "Relationship", "Relationship", "Relationship", "Relationship", "Relationship", "Relationship", "Relationship"], "ids": ["8013721229812826112", "8013721229812826112", "8013721229812826112", "8013721229812826112", "8013721229812826112", "5830319835468267520", "5830319835468267520", "5830319835468267520", "5830319835468267520", "5830319835468267520", "5830319835468267520", "5830319835468267520"]}