{"confidences": [0.999951124, 0.999949098, 0.999948859, 0.999938607, 0.999936, 0.999918699, 0.999904156, 0.999902, 0.999862194, 0.999819219, 0.999794066, 0.999296427], "displayNames": ["Relationship", "Relationship", "Relationship", "Relationship", "Entity", "Relationship", "Entity", "Relationship", "Relationship", "Entity", "Entity", "Entity"], "ids": ["5830319835468267520", "5830319835468267520", "5830319835468267520", "5830319835468267520", "8013721229812826112", "5830319835468267520", "8013721229812826112", "5830319835468267520", "5830319835468267520", "8013721229812826112", "8013721229812826112", "8013721229812826112"], "bboxes": [[0.173225954, 0.249190316, 0.395184666, 0.426307827], [0.53335923, 0.611445129, 0.349378496, 0.379861385], [0.293281227, 0.371426612, 0.618119478, 0.649381757], [0.286142409, 0.359784096, 0.520372391, 0.552312613], [0.760547638, 0.858579814, 0.359281242, 0.434406936], [0.533909082, 0.611251235, 0.470891535, 0.502286911], [0.368240863, 0.485707074, 0.378283978, 0.444048703], [0.609414, 0.68820554, 0.397628427, 0.428513527], [0.635141909, 0.714061379, 0.564314425, 0.595439374], [0.113952138, 0.232472494, 0.553971827, 0.615664303], [0.767575145, 0.884469271, 0.523106158, 0.605136693], [0.438690692, 0.563393176, 0.548443198, 0.615542054]]}