{"confidences": [0.999936342, 0.999903798, 0.999779284, 0.999727309, 0.999722302, 0.999525547, 0.999482512, 0.999482214, 0.99939537, 0.998993576], "displayNames": ["Entity", "Entity", "Relationship", "Entity", "Relationship", "Entity", "Entity", "Relationship", "Relationship", "Attribute"], "ids": ["8013721229812826112", "8013721229812826112", "5830319835468267520", "8013721229812826112", "5830319835468267520", "8013721229812826112", "8013721229812826112", "5830319835468267520", "5830319835468267520", "1656608880802660352"], "bboxes": [[0.127583429, 0.256156504, 0.129303515, 0.221727401], [0.511986256, 0.670492, 0.131889313, 0.218747348], [0.719239831, 0.84709239, 0.125460535, 0.18270722], [0.475150734, 0.641454399, 0.268767327, 0.362939149], [0.315712839, 0.444674492, 0.156352222, 0.213679522], [0.214568064, 0.381796747, 0.400441736, 0.515956461], [0.680835724, 0.84876, 0.371734113, 0.466480881], [0.564410388, 0.672028482, 0.490394115, 0.534653425], [0.317854, 0.426445782, 0.318985134, 0.361711234], [0.690738738, 0.784195065, 0.212223738, 0.240626782]]}