{"ids": ["8013721229812826112", "8013721229812826112", "8013721229812826112", "5830319835468267520", "8013721229812826112", "8013721229812826112", "5830319835468267520", "5830319835468267520", "5830319835468267520", "1656608880802660352"], "displayNames": ["Entity", "Entity", "Entity", "Relationship", "Entity", "Entity", "Relationship", "Relationship", "Relationship", "Attribute"], "confidences": [0.999661446, 0.999171257, 0.998981893, 0.998914838, 0.998750448, 0.998653769, 0.998500705, 0.998360217, 0.997534275, 0.994788408], "bboxes": [[0.511855364, 0.677114844, 0.132791936, 0.219195098], [0.474451065, 0.646430552, 0.269619912, 0.363648266], [0.129306719, 0.255682617, 0.127341881, 0.222285286], [0.316015601, 0.444806963, 0.154404894, 0.214464948], [0.214364544, 0.386848092, 0.402562141, 0.51356715], [0.683006167, 0.846710682, 0.372343391, 0.467131168], [0.319258898, 0.426724464, 0.317294031, 0.361733], [0.564913332, 0.669219196, 0.491178393, 0.535059929], [0.719101131, 0.845690787, 0.125708, 0.182386115], [0.692259848, 0.781371951, 0.212437138, 0.240885928]]}