{"ids": ["8013721229812826112", "8013721229812826112", "8013721229812826112", "5830319835468267520", "1656608880802660352", "8013721229812826112", "5830319835468267520", "8013721229812826112", "1656608880802660352", "1656608880802660352", "1656608880802660352", "1656608880802660352", "1656608880802660352", "1656608880802660352", "5830319835468267520", "1656608880802660352", "1656608880802660352", "1656608880802660352", "1656608880802660352", "1656608880802660352"], "displayNames": ["Entity", "Entity", "Entity", "Relationship", "Attribute", "Entity", "Relationship", "Entity", "Attribute", "Attribute", "Attribute", "Attribute", "Attribute", "Attribute", "Relationship", "Attribute", "Attribute", "Attribute", "Attribute", "Attribute"], "bboxes": [[0.119800679, 0.398788095, 0.600802064, 0.777857304], [0.482525021, 0.674216568, 0.359939218, 0.49291122], [0.11112415, 0.325106323, 0.343621135, 0.47717762], [0.395135522, 0.484360427, 0.150867283, 0.183424085], [0.278557509, 0.35226804, 0.239760771, 0.268349349], [0.1114714, 0.324230731, 0.105469614, 0.222935289], [0.173546031, 0.266622722, 0.263090223, 0.298739821], [0.545027614, 0.736543119, 0.106040493, 0.229084924], [0.338731319, 0.412956178, 0.114548005, 0.140070826], [0.278570026, 0.353110164, 0.295709908, 0.322566867], [0.445735157, 0.600615859, 0.692429483, 0.737765372], [0.450889647, 0.525225818, 0.113805361, 0.140817806], [0.618211448, 0.720133543, 0.257495642, 0.290860116], [0.224452645, 0.380254388, 0.817887664, 0.867579579], [0.50551, 0.578719795, 0.288941413, 0.314959139], [0.770508766, 0.874698341, 0.170874536, 0.203619272], [0.338041574, 0.413826168, 0.193380594, 0.220652074], [0.451761574, 0.528746367, 0.193921611, 0.220221028], [0.576245, 0.682841122, 0.512347579, 0.546348333], [0.70953387, 0.815697551, 0.4472422, 0.483366]], "confidences": [0.99925369, 0.999132812, 0.998820961, 0.997836292, 0.997341, 0.993992865, 0.992634714, 0.992308497, 0.991764, 0.990553, 0.990226209, 0.989114404, 0.987884343, 0.987332523, 0.98552978, 0.981065929, 0.980321348, 0.979032516, 0.970133185, 0.944331169]}