{"bboxes": [[0.465636581, 0.542892754, 0.16074726, 0.21996519], [0.208674967, 0.286842674, 0.551462591, 0.610888183], [0.12923798, 0.363191575, 0.183538586, 0.262245327], [0.630273104, 0.707152903, 0.806988358, 0.867080092], [0.1231656, 0.365336269, 0.674320757, 0.763128936], [0.209545702, 0.285796255, 0.791710138, 0.851033926], [0.128449023, 0.371945441, 0.412844, 0.500678241], [0.466230631, 0.543064475, 0.227116764, 0.288135469], [0.548875153, 0.791834295, 0.682162702, 0.768389761], [0.671117187, 0.915489495, 0.178183854, 0.268217385], [0.20835422, 0.286542714, 0.303044915, 0.362787426]], "confidences": [0.99956888, 0.999527216, 0.999524832, 0.999471486, 0.999449074, 0.999322891, 0.998585939, 0.998102844, 0.998045921, 0.997729, 0.997364581], "displayNames": ["Relationship", "Relationship", "Entity", "Relationship", "Entity", "Relationship", "Entity", "Relationship", "Entity", "Entity", "Relationship"], "ids": ["5830319835468267520", "5830319835468267520", "8013721229812826112", "5830319835468267520", "8013721229812826112", "5830319835468267520", "8013721229812826112", "5830319835468267520", "8013721229812826112", "8013721229812826112", "5830319835468267520"]}