{"confidences": [0.999955177, 0.999881387, 0.999878645, 0.999871969, 0.999740064, 0.999682188, 0.999665, 0.999592, 0.999574363, 0.999415636, 0.998749614], "displayNames": ["Relationship", "Relationship", "Relationship", "Relationship", "Relationship", "Relationship", "Entity", "Entity", "Entity", "Entity", "Entity"], "ids": ["5830319835468267520", "5830319835468267520", "5830319835468267520", "5830319835468267520", "5830319835468267520", "5830319835468267520", "8013721229812826112", "8013721229812826112", "8013721229812826112", "8013721229812826112", "8013721229812826112"], "bboxes": [[0.631049395, 0.709018826, 0.807931185, 0.86744225], [0.466137379, 0.541325688, 0.159389883, 0.221405387], [0.207643613, 0.286905825, 0.550156951, 0.609737515], [0.209257692, 0.286918, 0.79170984, 0.849333584], [0.206620112, 0.287741095, 0.302717894, 0.362414747], [0.46576333, 0.543608487, 0.226902798, 0.287971199], [0.122788705, 0.366194785, 0.182506561, 0.261170298], [0.671556354, 0.910221577, 0.176895931, 0.266484201], [0.120065808, 0.368854433, 0.411382407, 0.49917981], [0.128372714, 0.363967091, 0.67265892, 0.760811], [0.544911683, 0.789706826, 0.679861307, 0.768157482]]}