{"confidences": [0.999607, 0.999578059, 0.998906255, 0.998877466, 0.99887532, 0.998808861, 0.998771608, 0.998354197, 0.997713804, 0.997614503, 0.997592628, 0.994644165], "ids": ["8013721229812826112", "8013721229812826112", "5830319835468267520", "5830319835468267520", "5830319835468267520", "5830319835468267520", "8013721229812826112", "8013721229812826112", "5830319835468267520", "5830319835468267520", "8013721229812826112", "5830319835468267520"], "bboxes": [[0.12283244, 0.265484631, 0.0669925436, 0.206029594], [0.461051166, 0.607371509, 0.461223751, 0.638033092], [0.712229311, 0.803543866, 0.862783194, 0.944923759], [0.4954319, 0.58960247, 0.723496854, 0.805336416], [0.328012466, 0.422923088, 0.303200454, 0.386661738], [0.149072, 0.244882479, 0.261888564, 0.344098091], [0.680842817, 0.832479179, 0.581067264, 0.796233892], [0.533111095, 0.681281567, 0.0291990675, 0.210530281], [0.300608546, 0.394583195, 0.51013869, 0.59158206], [0.491933137, 0.585373342, 0.33986184, 0.422806412], [0.121295296, 0.27285409, 0.411562085, 0.629543364], [0.359074652, 0.452013493, 0.0849702433, 0.167578906]], "displayNames": ["Entity", "Entity", "Relationship", "Relationship", "Relationship", "Relationship", "Entity", "Entity", "Relationship", "Relationship", "Entity", "Relationship"]}