{"confidences": [0.999964356, 0.999940872, 0.99993515, 0.999934435, 0.999918699, 0.999913216, 0.999890685, 0.999869227, 0.999863, 0.999842405, 0.999837041, 0.999810159, 0.999608576], "displayNames": ["Relationship", "Entity", "Relationship", "Relationship", "Relationship", "Entity", "Entity", "Relationship", "Entity", "Relationship", "Entity", "Entity", "Relationship"], "ids": ["5830319835468267520", "8013721229812826112", "5830319835468267520", "5830319835468267520", "5830319835468267520", "8013721229812826112", "8013721229812826112", "5830319835468267520", "8013721229812826112", "5830319835468267520", "8013721229812826112", "8013721229812826112", "5830319835468267520"], "bboxes": [[0.318460613, 0.407045394, 0.425164759, 0.460202873], [0.11487975, 0.24794665, 0.122761965, 0.214993984], [0.614943087, 0.703739226, 0.324994147, 0.359425128], [0.731012225, 0.819020629, 0.25995639, 0.294936687], [0.312332869, 0.399416625, 0.151245758, 0.187386915], [0.512073278, 0.644997656, 0.212396219, 0.288285762], [0.751840055, 0.881760836, 0.123070531, 0.215037525], [0.318279058, 0.407147259, 0.380157918, 0.415379196], [0.191015348, 0.454977721, 0.595131636, 0.767729878], [0.143483862, 0.23507306, 0.263231933, 0.2986027], [0.45513466, 0.587269306, 0.373893082, 0.449756205], [0.123008586, 0.256607413, 0.383862168, 0.450852484], [0.577876568, 0.66593349, 0.118328996, 0.152685478]]}