{"ids": ["8013721229812826112", "8013721229812826112", "8013721229812826112", "8013721229812826112", "5830319835468267520", "8013721229812826112", "8013721229812826112", "5830319835468267520", "5830319835468267520", "5830319835468267520", "5830319835468267520", "5830319835468267520", "5830319835468267520"], "bboxes": [[0.512683034, 0.647918582, 0.213352725, 0.288780838], [0.455382466, 0.590626359, 0.375473171, 0.450161844], [0.121794954, 0.256256342, 0.385846257, 0.450191677], [0.191382274, 0.4572258, 0.599049389, 0.768333852], [0.32046172, 0.406405926, 0.380733252, 0.414830685], [0.752291262, 0.88672787, 0.123965956, 0.212837338], [0.11468152, 0.250496596, 0.12270537, 0.216898888], [0.320265144, 0.405497134, 0.425061613, 0.459486812], [0.730902672, 0.818535745, 0.260473251, 0.295266926], [0.615848303, 0.701324821, 0.324741125, 0.359541416], [0.31118381, 0.399571061, 0.152308166, 0.186889499], [0.145220414, 0.234419167, 0.263274789, 0.298522711], [0.577878237, 0.666936934, 0.118623219, 0.153275967]], "displayNames": ["Entity", "Entity", "Entity", "Entity", "Relationship", "Entity", "Entity", "Relationship", "Relationship", "Relationship", "Relationship", "Relationship", "Relationship"], "confidences": [0.999946833, 0.999878883, 0.999777853, 0.999768198, 0.999611795, 0.999572814, 0.998738945, 0.996994376, 0.996714354, 0.996242642, 0.995648921, 0.994899213, 0.993364573]}