{"bboxes": [[0.664547086, 0.802015305, 0.482973218, 0.575998068], [0.305561692, 0.446211129, 0.585809946, 0.678138673], [0.790595353, 0.926015317, 0.568115771, 0.663186967], [0.306622505, 0.471287191, 0.381741822, 0.494196057], [0.120436892, 0.250116289, 0.532447636, 0.694448829], [0.0728669539, 0.25401625, 0.207414061, 0.378256857], [0.700137258, 0.836858392, 0.208004236, 0.302007586], [0.307822406, 0.445532918, 0.189993575, 0.2838175], [0.50225836, 0.638237298, 0.284889847, 0.477612853], [0.475536078, 0.620142341, 0.532689452, 0.731779933], [0.817430317, 0.930161655, 0.314899713, 0.477653474]], "ids": ["5830319835468267520", "5830319835468267520", "5830319835468267520", "5830319835468267520", "8013721229812826112", "8013721229812826112", "5830319835468267520", "5830319835468267520", "8013721229812826112", "8013721229812826112", "8013721229812826112"], "displayNames": ["Relationship", "Relationship", "Relationship", "Relationship", "Entity", "Entity", "Relationship", "Relationship", "Entity", "Entity", "Entity"], "confidences": [0.999313354, 0.999266684, 0.999228239, 0.999183357, 0.999177873, 0.999086142, 0.999085307, 0.999058187, 0.99893409, 0.998153865, 0.997898102]}