{"displayNames": ["Relationship", "Entity", "Entity", "Relationship", "Entity", "Relationship", "Entity", "Relationship", "Entity", "Relationship", "Relationship", "Relationship"], "bboxes": [[0.333743632, 0.396318138, 0.279547185, 0.35142538], [0.66041708, 0.822735786, 0.676677823, 0.908602118], [0.306635976, 0.467664838, 0.569969296, 0.760719895], [0.326870888, 0.429852754, 0.187980309, 0.274107426], [0.452236474, 0.618005335, 0.196816161, 0.432426959], [0.360401, 0.463726431, 0.0624899603, 0.148255035], [0.116617545, 0.279077113, 0.241308957, 0.417255312], [0.524154782, 0.629719138, 0.536879361, 0.624454319], [0.11512351, 0.277979732, 0.0, 0.193386093], [0.508213878, 0.611390948, 0.776299298, 0.864143193], [0.190276384, 0.292198896, 0.608415306, 0.695968568], [0.834645569, 0.897520483, 0.77734834, 0.83566916]], "confidences": [0.999607861, 0.999557912, 0.999337494, 0.999178708, 0.9991166, 0.999095559, 0.998873055, 0.998568177, 0.998354316, 0.99823761, 0.998055577, 0.997811854], "ids": ["5830319835468267520", "8013721229812826112", "8013721229812826112", "5830319835468267520", "8013721229812826112", "5830319835468267520", "8013721229812826112", "5830319835468267520", "8013721229812826112", "5830319835468267520", "5830319835468267520", "5830319835468267520"]}