{"confidences": [0.999940038, 0.999934793, 0.999924421, 0.999845624, 0.999790609, 0.999754727, 0.999712527, 0.99966383, 0.999565899, 0.999561, 0.999549448, 0.999293327], "displayNames": ["Relationship", "Entity", "Relationship", "Entity", "Relationship", "Relationship", "Relationship", "Relationship", "Entity", "Relationship", "Entity", "Entity"], "ids": ["5830319835468267520", "8013721229812826112", "5830319835468267520", "8013721229812826112", "5830319835468267520", "5830319835468267520", "5830319835468267520", "5830319835468267520", "8013721229812826112", "5830319835468267520", "8013721229812826112", "8013721229812826112"], "bboxes": [[0.333437324, 0.39640677, 0.278828621, 0.350149333], [0.115814447, 0.277142495, 0.00199576491, 0.19535099], [0.326005, 0.429391176, 0.187263504, 0.272397727], [0.45535779, 0.619702697, 0.195542231, 0.429554582], [0.360385567, 0.46468243, 0.0601522774, 0.146965533], [0.833216965, 0.898228824, 0.775492, 0.835249245], [0.524265945, 0.629809082, 0.536409616, 0.623188138], [0.506907, 0.612734318, 0.774611831, 0.863067806], [0.659799516, 0.819720328, 0.672602713, 0.910069168], [0.18776077, 0.293580234, 0.606419206, 0.69466567], [0.306570441, 0.466424078, 0.568280518, 0.761295855], [0.1171709, 0.276569575, 0.23818469, 0.417617619]]}