{"confidences": [0.999903917, 0.999879, 0.999740899, 0.999716818, 0.999675512, 0.99965477, 0.999575198, 0.99955231, 0.999326468, 0.998726308, 0.99776876], "displayNames": ["Relationship", "Relationship", "Relationship", "Relationship", "Entity", "Relationship", "Relationship", "Entity", "Entity", "Entity", "Entity"], "ids": ["5830319835468267520", "5830319835468267520", "5830319835468267520", "5830319835468267520", "8013721229812826112", "5830319835468267520", "5830319835468267520", "8013721229812826112", "8013721229812826112", "8013721229812826112", "8013721229812826112"], "bboxes": [[0.175066814, 0.308276981, 0.336225957, 0.373044521], [0.185277805, 0.318294674, 0.581669807, 0.617620945], [0.735053062, 0.864713192, 0.666258633, 0.703858316], [0.434068978, 0.564780295, 0.307896972, 0.346609354], [0.72855413, 0.871711, 0.551694751, 0.637489676], [0.715011835, 0.848843157, 0.426636517, 0.464531898], [0.693891585, 0.823602319, 0.153091624, 0.191526517], [0.626242816, 0.853894532, 0.251728415, 0.328748584], [0.122450911, 0.322463453, 0.423306823, 0.502408803], [0.395844489, 0.545534432, 0.570041597, 0.646629393], [0.164446965, 0.352608085, 0.142351761, 0.246848449]]}