{"bboxes": [[0.396794766, 0.546220183, 0.572938919, 0.648652792], [0.130633965, 0.320440054, 0.425728619, 0.503284276], [0.628411472, 0.855295479, 0.252514452, 0.330679387], [0.727038682, 0.875943661, 0.553783238, 0.63803035], [0.17590344, 0.30605942, 0.335858166, 0.374424934], [0.187566668, 0.318808556, 0.581086874, 0.620099664], [0.696155906, 0.824911714, 0.15398106, 0.192543924], [0.718950868, 0.850020885, 0.426540852, 0.465290368], [0.435724378, 0.564619601, 0.307514042, 0.346761554], [0.737705708, 0.861840904, 0.66721034, 0.706872463]], "confidences": [0.999566734, 0.999513268, 0.999388218, 0.99905616, 0.998504758, 0.998412, 0.997457564, 0.997193813, 0.995883226, 0.992987573], "displayNames": ["Entity", "Entity", "Entity", "Entity", "Relationship", "Relationship", "Relationship", "Relationship", "Relationship", "Relationship"], "ids": ["8013721229812826112", "8013721229812826112", "8013721229812826112", "8013721229812826112", "5830319835468267520", "5830319835468267520", "5830319835468267520", "5830319835468267520", "5830319835468267520", "5830319835468267520"]}