{"confidences": [0.999959111, 0.999941945, 0.999939084, 0.999935627, 0.999931, 0.999915481, 0.999866128, 0.999865174, 0.999851584, 0.999798715, 0.999797881, 0.999780834], "displayNames": ["Relationship", "Relationship", "Relationship", "Entity", "Entity", "Entity", "Entity", "Relationship", "Entity", "Relationship", "Relationship", "Relationship"], "ids": ["5830319835468267520", "5830319835468267520", "5830319835468267520", "8013721229812826112", "8013721229812826112", "8013721229812826112", "8013721229812826112", "5830319835468267520", "8013721229812826112", "5830319835468267520", "5830319835468267520", "5830319835468267520"], "bboxes": [[0.43271783, 0.56262517, 0.202545434, 0.275851309], [0.13838622, 0.268160939, 0.200834259, 0.276191205], [0.431852251, 0.563507438, 0.543617487, 0.619528413], [0.401638508, 0.592285, 0.0158777088, 0.168877], [0.703453183, 0.899251, 0.302613825, 0.501227796], [0.400818139, 0.592812598, 0.306902945, 0.502982], [0.106217831, 0.300945491, 0.303672433, 0.467571586], [0.73756206, 0.865965605, 0.517599165, 0.596185327], [0.396700948, 0.594269156, 0.652604282, 0.813386083], [0.138666704, 0.267888427, 0.0902861282, 0.166557625], [0.440591455, 0.567097545, 0.836495757, 0.911656559], [0.73716706, 0.866137922, 0.726421475, 0.802654326]]}