{"bboxes": [[0.402894855, 0.593822956, 0.655612051, 0.81287843], [0.434257, 0.562263966, 0.205739871, 0.276483864], [0.433137357, 0.560821414, 0.548053145, 0.619534612], [0.106559083, 0.299391568, 0.307889223, 0.468863636], [0.702119648, 0.899926364, 0.305647105, 0.505211413], [0.140809506, 0.26656267, 0.20193705, 0.276722461], [0.737358332, 0.864400864, 0.518811643, 0.595187604], [0.739290297, 0.864621341, 0.727431595, 0.803634107], [0.398425579, 0.59536773, 0.016357692, 0.169776559], [0.140080705, 0.267771244, 0.0914175436, 0.167316779], [0.395129144, 0.594019532, 0.309275419, 0.508480072], [0.439523488, 0.567099094, 0.836510658, 0.913676381]], "displayNames": ["Entity", "Relationship", "Relationship", "Entity", "Entity", "Relationship", "Relationship", "Relationship", "Entity", "Relationship", "Entity", "Relationship"], "confidences": [0.999793828, 0.999771059, 0.99970144, 0.999688506, 0.99945122, 0.999419332, 0.999211431, 0.999204338, 0.999081135, 0.999019, 0.99889, 0.998720169], "ids": ["8013721229812826112", "5830319835468267520", "5830319835468267520", "8013721229812826112", "8013721229812826112", "5830319835468267520", "5830319835468267520", "5830319835468267520", "8013721229812826112", "5830319835468267520", "8013721229812826112", "5830319835468267520"]}