{"ids": ["8013721229812826112", "8013721229812826112", "8013721229812826112", "8013721229812826112", "5830319835468267520", "5830319835468267520", "5830319835468267520", "8013721229812826112", "5830319835468267520", "5830319835468267520", "5830319835468267520", "5830319835468267520"], "confidences": [0.999119222, 0.999057, 0.998984158, 0.998942673, 0.998895407, 0.998822033, 0.998702288, 0.998654723, 0.996961772, 0.996954918, 0.996769309, 0.994074404], "displayNames": ["Entity", "Entity", "Entity", "Entity", "Relationship", "Relationship", "Relationship", "Entity", "Relationship", "Relationship", "Relationship", "Relationship"], "bboxes": [[0.293983281, 0.467014641, 0.16547358, 0.258478016], [0.493081391, 0.640152037, 0.621954, 0.724353492], [0.282528847, 0.457461476, 0.419921547, 0.532221138], [0.713758111, 0.882055283, 0.165066361, 0.257706165], [0.459468365, 0.564202607, 0.75001955, 0.793100595], [0.537825167, 0.620055914, 0.399102896, 0.438595384], [0.512306571, 0.617126226, 0.247449487, 0.290679723], [0.694820404, 0.86315167, 0.360769451, 0.454454064], [0.5391289, 0.643133163, 0.32442978, 0.366534323], [0.234752297, 0.345336735, 0.323839903, 0.366151094], [0.796745539, 0.902502298, 0.592204034, 0.635334671], [0.726403177, 0.830970049, 0.50789243, 0.552278697]]}