{"ids": ["8013721229812826112", "8013721229812826112", "8013721229812826112", "5830319835468267520", "8013721229812826112", "5830319835468267520", "8013721229812826112", "5830319835468267520", "5830319835468267520", "5830319835468267520", "8013721229812826112"], "displayNames": ["Entity", "Entity", "Entity", "Relationship", "Entity", "Relationship", "Entity", "Relationship", "Relationship", "Relationship", "Entity"], "bboxes": [[0.187861934, 0.343458623, 0.402278632, 0.468078166], [0.591450036, 0.746066511, 0.210669532, 0.295706511], [0.246369734, 0.472000808, 0.560833693, 0.717962623], [0.443549812, 0.592729568, 0.779763401, 0.83966583], [0.221624061, 0.373495817, 0.222759858, 0.325998902], [0.41407764, 0.510669053, 0.483775347, 0.523569465], [0.254589736, 0.406699896, 0.100747302, 0.206853881], [0.45228672, 0.553254843, 0.134600073, 0.175172806], [0.413716674, 0.511690319, 0.286210567, 0.327119023], [0.759638131, 0.856721342, 0.337079644, 0.378423154], [0.385319918, 0.540867925, 0.365172416, 0.470009297]], "confidences": [0.999700665, 0.999580801, 0.99947685, 0.999189556, 0.999019742, 0.998703837, 0.997523, 0.99541986, 0.994972706, 0.994961619, 0.994767547]}