{"displayNames": ["Entity", "Entity", "Entity", "Entity", "Entity", "Relationship", "Relationship", "Relationship", "Attribute"], "confidences": [0.999935269, 0.999901175, 0.999730408, 0.999357045, 0.998547137, 0.982323647, 0.980102479, 0.957323134, 0.930957], "ids": ["8013721229812826112", "8013721229812826112", "8013721229812826112", "8013721229812826112", "8013721229812826112", "5830319835468267520", "5830319835468267520", "5830319835468267520", "1656608880802660352"], "bboxes": [[0.546806097, 0.649651408, 0.126956403, 0.197746694], [0.161296397, 0.262688637, 0.333467841, 0.391878068], [0.563802779, 0.667375386, 0.450786769, 0.508536398], [0.35919264, 0.510540068, 0.232913241, 0.278864264], [0.716764808, 0.819224417, 0.213413611, 0.266975552], [0.659698188, 0.712767124, 0.184911326, 0.211840168], [0.397020459, 0.458874404, 0.384549707, 0.411659211], [0.276420772, 0.337241173, 0.291317731, 0.316078633], [0.738464475, 0.787932, 0.337395608, 0.36124754]]}