{"confidences": [0.999940038, 0.999919772, 0.999919415, 0.999725759, 0.999702275, 0.999654174, 0.999234438, 0.99838078, 0.99755609, 0.996364653, 0.988895774, 0.98452431], "displayNames": ["Relationship", "Entity", "Entity", "Entity", "Relationship", "Relationship", "Entity", "Attribute", "Relationship", "Entity", "Relationship", "Relationship"], "ids": ["5830319835468267520", "8013721229812826112", "8013721229812826112", "8013721229812826112", "5830319835468267520", "5830319835468267520", "8013721229812826112", "1656608880802660352", "5830319835468267520", "8013721229812826112", "5830319835468267520", "5830319835468267520"], "bboxes": [[0.277325273, 0.338731855, 0.29227528, 0.314966947], [0.160346299, 0.262079448, 0.333155513, 0.391556501], [0.546950579, 0.648749053, 0.125946969, 0.19689], [0.358933866, 0.51268214, 0.231241241, 0.279186666], [0.401047558, 0.459292531, 0.385189354, 0.411464453], [0.660569608, 0.71262449, 0.184887141, 0.211451918], [0.563728929, 0.665742815, 0.450636148, 0.507912874], [0.74013114, 0.78966856, 0.337349, 0.360717952], [0.671910226, 0.717185199, 0.33711043, 0.362042397], [0.716252625, 0.817686379, 0.214074165, 0.267255455], [0.451772064, 0.501894295, 0.157805145, 0.178205281], [0.819879711, 0.865531266, 0.231390044, 0.255928487]]}