{"confidences": [0.999831557, 0.999783218, 0.999680042, 0.999562204, 0.999556482, 0.999555767, 0.999522805, 0.999516845, 0.999499559, 0.999338567, 0.99916172, 0.998185694, 0.997926116, 0.997012], "displayNames": ["Relationship", "Relationship", "Relationship", "Relationship", "Relationship", "Relationship", "Entity", "Attribute", "Attribute", "Attribute", "Entity", "Entity", "Entity", "Attribute"], "ids": ["5830319835468267520", "5830319835468267520", "5830319835468267520", "5830319835468267520", "5830319835468267520", "5830319835468267520", "8013721229812826112", "1656608880802660352", "1656608880802660352", "1656608880802660352", "8013721229812826112", "8013721229812826112", "8013721229812826112", "1656608880802660352"], "bboxes": [[0.140311882, 0.254715919, 0.349057704, 0.391192526], [0.76831907, 0.88099736, 0.177336141, 0.221903309], [0.773636758, 0.885236, 0.537414, 0.582211435], [0.329799235, 0.444007516, 0.342642576, 0.385956377], [0.402308196, 0.516773045, 0.217870563, 0.261607498], [0.503079295, 0.616972804, 0.340257525, 0.383300781], [0.156904265, 0.325379789, 0.193313688, 0.292308748], [0.46933046, 0.562592, 0.269895375, 0.298825264], [0.358969927, 0.455848843, 0.181561634, 0.211510912], [0.467051297, 0.56384486, 0.180043861, 0.21093981], [0.565655529, 0.740539193, 0.42290318, 0.543058097], [0.565962076, 0.735242724, 0.207573727, 0.308993638], [0.212890387, 0.385996848, 0.420717776, 0.516402662], [0.355875492, 0.45231998, 0.272126138, 0.295539558]]}