{"confidences": [0.998298228, 0.998081088, 0.997389138, 0.996993661, 0.996079743, 0.993618, 0.992626607, 0.992276907, 0.992006242, 0.991482496, 0.988116, 0.987250805, 0.987043, 0.982001543], "displayNames": ["Entity", "Relationship", "Entity", "Relationship", "Entity", "Entity", "Relationship", "Relationship", "Attribute", "Attribute", "Relationship", "Relationship", "Attribute", "Attribute"], "ids": ["8013721229812826112", "5830319835468267520", "8013721229812826112", "5830319835468267520", "8013721229812826112", "8013721229812826112", "5830319835468267520", "5830319835468267520", "1656608880802660352", "1656608880802660352", "5830319835468267520", "5830319835468267520", "1656608880802660352", "1656608880802660352"], "bboxes": [[0.15284729, 0.323792338, 0.195861518, 0.291930854], [0.141474262, 0.254477948, 0.349117309, 0.391407579], [0.214599267, 0.388543189, 0.421015352, 0.516510665], [0.405787706, 0.515378118, 0.218188941, 0.260925442], [0.570854366, 0.743786931, 0.423494, 0.543463409], [0.567040682, 0.735760689, 0.209961444, 0.30871132], [0.774279654, 0.882020056, 0.538560927, 0.582575], [0.768457413, 0.879987836, 0.178008154, 0.22247903], [0.359810352, 0.455986559, 0.181131423, 0.211573839], [0.468467206, 0.561903477, 0.180054218, 0.209550828], [0.330666572, 0.442951739, 0.342032731, 0.386011362], [0.504139662, 0.616748571, 0.340127945, 0.383629918], [0.470230669, 0.563699603, 0.26977542, 0.298997432], [0.35838598, 0.449181676, 0.271299601, 0.297252]]}