{"displayNames": ["Entity", "Entity", "Relationship", "Relationship", "Relationship", "Entity", "Relationship", "Relationship", "Entity", "WeakRelationship", "Attribute"], "bboxes": [[0.293395787, 0.468144149, 0.793763578, 0.981872678], [0.700569868, 0.879826188, 0.420302868, 0.58439666], [0.326998115, 0.44063586, 0.677478194, 0.748180509], [0.521132231, 0.636150122, 0.859800518, 0.936422467], [0.538796842, 0.654296, 0.321706265, 0.393695712], [0.295643628, 0.474121451, 0.461735666, 0.617855132], [0.121776566, 0.241393641, 0.520376801, 0.595591187], [0.326230943, 0.444111049, 0.319451392, 0.393630922], [0.699076, 0.878768384, 0.0111973649, 0.126913309], [0.515293241, 0.636982203, 0.0229961462, 0.100450411], [0.541790128, 0.649598956, 0.437279075, 0.512067258]], "confidences": [0.999574959, 0.999483466, 0.999472916, 0.99924314, 0.99915266, 0.999065697, 0.999022, 0.998837531, 0.998504519, 0.998323381, 0.992949247], "ids": ["8013721229812826112", "8013721229812826112", "5830319835468267520", "5830319835468267520", "5830319835468267520", "8013721229812826112", "5830319835468267520", "5830319835468267520", "8013721229812826112", "6169160731846508544", "1656608880802660352"]}