{"bboxes": [[0.163877934, 0.330411136, 0.301236659, 0.393990666], [0.538461685, 0.702671289, 0.308292896, 0.422243088], [0.686813414, 0.853351, 0.129691437, 0.222935691], [0.136602491, 0.302546084, 0.118501991, 0.214544922], [0.583262682, 0.688484073, 0.182004943, 0.224525467], [0.79832989, 0.875103176, 0.233305454, 0.276734471], [0.300999552, 0.405406475, 0.175330967, 0.217435718], [0.567943633, 0.672328711, 0.24773629, 0.289837062], [0.692625642, 0.861786902, 0.427719384, 0.534377217], [0.411832452, 0.580657184, 0.138513014, 0.250465], [0.14722921, 0.255931675, 0.233701259, 0.27586475], [0.753988743, 0.860569119, 0.281738132, 0.323278278], [0.733810186, 0.84145695, 0.343622863, 0.384883]], "ids": ["8013721229812826112", "8013721229812826112", "8013721229812826112", "8013721229812826112", "5830319835468267520", "1656608880802660352", "5830319835468267520", "5830319835468267520", "8013721229812826112", "8013721229812826112", "5830319835468267520", "5830319835468267520", "6169160731846508544"], "confidences": [0.998453617, 0.997393727, 0.996783137, 0.996763587, 0.995672464, 0.995648563, 0.994690716, 0.994248748, 0.993465, 0.993353724, 0.991273463, 0.989642322, 0.981669664], "displayNames": ["Entity", "Entity", "Entity", "Entity", "Relationship", "Attribute", "Relationship", "Relationship", "Entity", "Entity", "Relationship", "Relationship", "WeakRelationship"]}