{"bboxes": [[0.137235165, 0.29140678, 0.408266485, 0.508188605], [0.228272825, 0.383423895, 0.697923541, 0.798792183], [0.468588233, 0.516835034, 0.724026322, 0.790369153], [0.852251947, 0.902075827, 0.838872671, 0.918232799], [0.125170544, 0.254946113, 0.21410878, 0.316974491], [0.45631969, 0.545731783, 0.551849663, 0.625889], [0.338520378, 0.436143368, 0.429287076, 0.504942179], [0.623730242, 0.782367766, 0.657738745, 0.864486098], [0.317692071, 0.475845248, 0.00981459487, 0.143095538], [0.495984, 0.653702438, 0.321789086, 0.509413838], [0.386926383, 0.468955547, 0.175387889, 0.251800954], [0.516026676, 0.588811576, 0.896071255, 0.965753913], [0.576873064, 0.649999619, 0.54990977, 0.62344873]], "displayNames": ["Entity", "Entity", "Relationship", "Relationship", "Relationship", "Relationship", "Relationship", "Entity", "Entity", "Entity", "Relationship", "Attribute", "Attribute"], "confidences": [0.99976, 0.999739587, 0.999717295, 0.999445736, 0.999267519, 0.999037623, 0.998919129, 0.998792291, 0.997834384, 0.993823767, 0.993671417, 0.992438495, 0.992302895], "ids": ["8013721229812826112", "8013721229812826112", "5830319835468267520", "5830319835468267520", "5830319835468267520", "5830319835468267520", "5830319835468267520", "8013721229812826112", "8013721229812826112", "8013721229812826112", "5830319835468267520", "1656608880802660352", "1656608880802660352"]}