{"confidences": [0.999881744, 0.999811709, 0.999677777, 0.999668956, 0.999634862, 0.999625802, 0.999605954, 0.999418736, 0.999380112, 0.999198, 0.99887985, 0.998011947, 0.997878075], "displayNames": ["Relationship", "Relationship", "Relationship", "Relationship", "Relationship", "Entity", "Relationship", "Entity", "Attribute", "Entity", "Attribute", "Entity", "Entity"], "ids": ["5830319835468267520", "5830319835468267520", "5830319835468267520", "5830319835468267520", "5830319835468267520", "8013721229812826112", "5830319835468267520", "8013721229812826112", "1656608880802660352", "8013721229812826112", "1656608880802660352", "8013721229812826112", "8013721229812826112"], "bboxes": [[0.468031228, 0.516833127, 0.720919788, 0.789642811], [0.852667272, 0.903742611, 0.838575304, 0.916121185], [0.386688799, 0.469493777, 0.17426905, 0.250910044], [0.122013524, 0.256385565, 0.211451143, 0.314480275], [0.454158783, 0.546989441, 0.548566222, 0.625608146], [0.13532573, 0.29184407, 0.40347144, 0.507137537], [0.337679684, 0.437825799, 0.426527172, 0.503425241], [0.225683421, 0.383789092, 0.695447266, 0.798436344], [0.515518546, 0.590687037, 0.896880329, 0.966824412], [0.319123834, 0.470928818, 0.0120763797, 0.140669778], [0.577881336, 0.651142836, 0.548107624, 0.622151], [0.622698784, 0.783776402, 0.656260312, 0.862587571], [0.49467051, 0.651634693, 0.319982767, 0.506553233]]}