{"bboxes": [[0.694340646, 0.890867054, 0.576514363, 0.753013551], [0.302497745, 0.427825272, 0.306312263, 0.387104], [0.490082294, 0.61546731, 0.591620505, 0.671589911], [0.296993673, 0.42268908, 0.90108, 0.980362475], [0.500744164, 0.62655288, 0.0928256214, 0.17383112], [0.728566587, 0.856330216, 0.344493955, 0.42535463], [0.545838892, 0.65440625, 0.382685691, 0.551813722], [0.236786664, 0.430286884, 0.0342245474, 0.195136249], [0.701434553, 0.872778714, 0.0184315331, 0.235793173], [0.309414834, 0.411551744, 0.575127482, 0.779109836], [0.549652457, 0.671648383, 0.244481668, 0.323468506]], "confidences": [0.999690175, 0.999442875, 0.999403715, 0.999285042, 0.999261558, 0.999078155, 0.999061167, 0.999019265, 0.99804014, 0.997733712, 0.995958149], "displayNames": ["Entity", "Relationship", "Relationship", "Relationship", "Relationship", "Relationship", "Entity", "Entity", "Entity", "Entity", "Relationship"], "ids": ["8013721229812826112", "5830319835468267520", "5830319835468267520", "5830319835468267520", "5830319835468267520", "5830319835468267520", "8013721229812826112", "8013721229812826112", "8013721229812826112", "8013721229812826112", "5830319835468267520"]}