{"confidences": [0.999906898, 0.999904633, 0.99989152, 0.999881625, 0.999875307, 0.999869823, 0.999855399, 0.999830604, 0.999776185, 0.999774635, 0.999754488], "displayNames": ["Entity", "Entity", "Relationship", "Relationship", "Relationship", "Relationship", "Entity", "Entity", "Relationship", "Entity", "Relationship"], "ids": ["8013721229812826112", "8013721229812826112", "5830319835468267520", "5830319835468267520", "5830319835468267520", "5830319835468267520", "8013721229812826112", "8013721229812826112", "5830319835468267520", "8013721229812826112", "5830319835468267520"], "bboxes": [[0.694886744, 0.88919872, 0.574461401, 0.750382662], [0.236679137, 0.432356715, 0.0329551809, 0.19730559], [0.297482133, 0.42326057, 0.899477422, 0.980511367], [0.301257968, 0.428707778, 0.306102604, 0.385954], [0.545918345, 0.674754381, 0.241675586, 0.322284549], [0.499621689, 0.626631677, 0.0925605744, 0.175538301], [0.309964657, 0.412256, 0.573115289, 0.778664947], [0.70126009, 0.870405912, 0.0223395433, 0.234190673], [0.726837575, 0.856448948, 0.344347686, 0.425311118], [0.545098364, 0.65478605, 0.381328106, 0.549036], [0.48910892, 0.616416216, 0.589504957, 0.671494722]]}