{"confidences": [0.999880672, 0.999793351, 0.999773204, 0.999756157, 0.999701321, 0.999687552, 0.997619569, 0.996342123, 0.99439162, 0.993997931, 0.987328649, 0.985255361], "ids": ["8013721229812826112", "8013721229812826112", "5830319835468267520", "8013721229812826112", "8013721229812826112", "8013721229812826112", "5830319835468267520", "5830319835468267520", "5830319835468267520", "5830319835468267520", "5830319835468267520", "5830319835468267520"], "bboxes": [[0.425446212, 0.533862591, 0.263893634, 0.344882], [0.321234584, 0.430713832, 0.0552287735, 0.131615818], [0.255767971, 0.308638126, 0.17736204, 0.222826973], [0.228647172, 0.336326957, 0.233756781, 0.327409953], [0.61952734, 0.729960442, 0.265953153, 0.355122775], [0.0420139842, 0.120444342, 0.166636899, 0.237125918], [0.361628622, 0.412626, 0.270688713, 0.306324363], [0.412861437, 0.481330484, 0.190732881, 0.237115011], [0.549669921, 0.601966202, 0.271183401, 0.305998027], [0.149627849, 0.202137843, 0.206564039, 0.241779327], [0.740175366, 0.82536447, 0.266662359, 0.313670278], [0.171620354, 0.223462507, 0.081816107, 0.11740265]], "displayNames": ["Entity", "Entity", "Relationship", "Entity", "Entity", "Entity", "Relationship", "Relationship", "Relationship", "Relationship", "Relationship", "Relationship"]}