{"displayNames": ["Entity", "Entity", "Entity", "Entity", "Entity", "Entity", "Entity", "Relationship", "Relationship", "Relationship", "Relationship", "Relationship", "Attribute", "Attribute"], "ids": ["8013721229812826112", "8013721229812826112", "8013721229812826112", "8013721229812826112", "8013721229812826112", "8013721229812826112", "8013721229812826112", "5830319835468267520", "5830319835468267520", "5830319835468267520", "5830319835468267520", "5830319835468267520", "1656608880802660352", "1656608880802660352"], "bboxes": [[0.252830327, 0.361057192, 0.36590457, 0.452569902], [0.143928036, 0.442892939, 0.750972092, 0.885496318], [0.358147979, 0.532219172, 0.264677346, 0.340731263], [0.13989529, 0.419255197, 0.51886946, 0.688166797], [0.598927617, 0.738906682, 0.152633637, 0.244334131], [0.562689781, 0.701436281, 0.352333456, 0.447190911], [0.600833058, 0.735086143, 0.265925378, 0.34389177], [0.7503016, 0.836163461, 0.181531593, 0.21603249], [0.219723567, 0.308368057, 0.309505075, 0.344013363], [0.475290269, 0.561200202, 0.19399403, 0.230766341], [0.784463227, 0.872766, 0.287227958, 0.322235912], [0.735746324, 0.828021348, 0.360026956, 0.400614917], [0.131905079, 0.208091035, 0.291806251, 0.317620724], [0.132346824, 0.208297774, 0.337114215, 0.361283839]], "confidences": [0.999886513, 0.999620199, 0.999607623, 0.99951005, 0.999323487, 0.999137104, 0.998919, 0.998110056, 0.995487869, 0.995137274, 0.991318882, 0.986584902, 0.969470799, 0.961777806]}