{"confidences": [0.999962091, 0.999894381, 0.999891758, 0.999872208, 0.999865174, 0.999859691, 0.999781787, 0.999781072, 0.99976629, 0.999635696, 0.999540329, 0.999217153, 0.998826206, 0.99874413, 0.998742759], "displayNames": ["Entity", "Entity", "Relationship", "Entity", "Relationship", "Entity", "Entity", "Entity", "Relationship", "Relationship", "Entity", "Relationship", "Attribute", "Relationship", "Attribute"], "ids": ["8013721229812826112", "8013721229812826112", "5830319835468267520", "8013721229812826112", "5830319835468267520", "8013721229812826112", "8013721229812826112", "8013721229812826112", "5830319835468267520", "5830319835468267520", "8013721229812826112", "5830319835468267520", "1656608880802660352", "5830319835468267520", "1656608880802660352"], "bboxes": [[0.254255474, 0.36058113, 0.365377456, 0.451793879], [0.357670188, 0.528708398, 0.263601393, 0.341064662], [0.734471262, 0.830293834, 0.360664636, 0.400328606], [0.594838142, 0.730830371, 0.152242333, 0.24472785], [0.397705466, 0.481876433, 0.379430324, 0.415041298], [0.140160441, 0.41814959, 0.516073227, 0.686800957], [0.557528377, 0.692538381, 0.352717757, 0.446312428], [0.145267189, 0.44046849, 0.750338435, 0.884651303], [0.219927862, 0.307575345, 0.309545845, 0.344203502], [0.782227695, 0.874366403, 0.287761599, 0.322729737], [0.597989, 0.732800603, 0.263114214, 0.34274137], [0.472888947, 0.562930107, 0.194021374, 0.230163366], [0.132810116, 0.20643881, 0.292057335, 0.316845775], [0.748107374, 0.838564873, 0.180379063, 0.216139853], [0.131681681, 0.208342716, 0.336791843, 0.361201733]]}