{"bboxes": [[0.682653725, 0.808221757, 0.334833413, 0.413830906], [0.115440182, 0.239133865, 0.240623191, 0.302246839], [0.645425916, 0.768146038, 0.154069379, 0.217403218], [0.335553199, 0.458932966, 0.12540257, 0.207290769], [0.386021614, 0.551359415, 0.241432413, 0.298785478], [0.176346406, 0.381950229, 0.616447151, 0.683668435], [0.509842873, 0.662733436, 0.515903294, 0.599490583], [0.626678705, 0.780542552, 0.617334962, 0.691684484], [0.267262071, 0.346418113, 0.238597393, 0.268921793], [0.171333641, 0.326248705, 0.494299501, 0.53821981], [0.267802536, 0.346124649, 0.278092146, 0.308818877], [0.561646521, 0.643325806, 0.36173889, 0.394572049], [0.214886099, 0.29633683, 0.172068685, 0.205328345], [0.512074053, 0.592799187, 0.172043815, 0.205411419], [0.456047058, 0.553822815, 0.628837883, 0.668111145], [0.246045545, 0.345402211, 0.43146193, 0.470816314], [0.676622093, 0.754677951, 0.10822247, 0.141291991], [0.775667191, 0.8571679, 0.268333197, 0.301107585], [0.357393891, 0.452771068, 0.528183401, 0.565594494]], "displayNames": ["Entity", "Entity", "Entity", "Entity", "Entity", "Entity", "Entity", "Entity", "Relationship", "Entity", "Relationship", "Relationship", "Relationship", "Relationship", "Relationship", "Relationship", "Relationship", "Relationship", "WeakRelationship"], "ids": ["8013721229812826112", "8013721229812826112", "8013721229812826112", "8013721229812826112", "8013721229812826112", "8013721229812826112", "8013721229812826112", "8013721229812826112", "5830319835468267520", "8013721229812826112", "5830319835468267520", "5830319835468267520", "5830319835468267520", "5830319835468267520", "5830319835468267520", "5830319835468267520", "5830319835468267520", "5830319835468267520", "6169160731846508544"], "confidences": [0.999931216, 0.999919891, 0.999831438, 0.999729097, 0.999713719, 0.999585, 0.99939096, 0.999375045, 0.999127448, 0.999040425, 0.998768151, 0.996960223, 0.996935487, 0.996445715, 0.995080113, 0.994269371, 0.991033375, 0.987088382, 0.945207953]}