{"displayNames": ["Entity", "Entity", "Entity", "Entity", "Relationship", "Relationship", "Entity", "Relationship", "Relationship", "Relationship", "Relationship"], "confidences": [0.999392509, 0.999296665, 0.999286592, 0.999, 0.998893321, 0.998400033, 0.99823463, 0.997944653, 0.9975, 0.997217298, 0.995360553], "bboxes": [[0.610193968, 0.774832666, 0.490653783, 0.594183087], [0.165636107, 0.321626931, 0.469928831, 0.551341891], [0.156577706, 0.315180153, 0.176829129, 0.265279979], [0.644748, 0.805989921, 0.326287955, 0.433599442], [0.45412761, 0.555816531, 0.177546099, 0.217007503], [0.454182684, 0.555034697, 0.391510606, 0.432189], [0.663160741, 0.820568919, 0.17704381, 0.284300864], [0.16656132, 0.270306647, 0.313786, 0.354965895], [0.427006721, 0.526293576, 0.456564963, 0.497530758], [0.506098032, 0.606336772, 0.216374442, 0.256204844], [0.489079446, 0.588649154, 0.281620055, 0.321254343]], "ids": ["8013721229812826112", "8013721229812826112", "8013721229812826112", "8013721229812826112", "5830319835468267520", "5830319835468267520", "8013721229812826112", "5830319835468267520", "5830319835468267520", "5830319835468267520", "5830319835468267520"]}