{"bboxes": [[0.0758996233, 0.224785477, 0.539083183, 0.789409876], [0.509726048, 0.661614656, 0.0942481607, 0.261149585], [0.431129068, 0.582327724, 0.644270599, 0.852240741], [0.0553530902, 0.204296067, 0.0736660808, 0.282387376], [0.267864615, 0.363288015, 0.561194301, 0.658103526], [0.593306363, 0.688670933, 0.475914836, 0.57502383], [0.347825527, 0.441943347, 0.175781339, 0.271431059], [0.230275512, 0.324353218, 0.826007783, 0.924667954], [0.692907, 0.790008307, 0.140973106, 0.241476953], [0.244192779, 0.339144051, 0.09949705, 0.195361704], [0.640104, 0.73514992, 0.737538159, 0.834712565]], "ids": ["8013721229812826112", "8013721229812826112", "8013721229812826112", "8013721229812826112", "5830319835468267520", "5830319835468267520", "5830319835468267520", "5830319835468267520", "6169160731846508544", "5830319835468267520", "5830319835468267520"], "confidences": [0.999324203, 0.99927026, 0.999038458, 0.99886167, 0.998523653, 0.998127401, 0.998109102, 0.997538447, 0.997318447, 0.997197509, 0.996484041], "displayNames": ["Entity", "Entity", "Entity", "Entity", "Relationship", "Relationship", "Relationship", "Relationship", "WeakRelationship", "Relationship", "Relationship"]}