{"ids": ["8013721229812826112", "8013721229812826112", "8013721229812826112", "8013721229812826112", "5830319835468267520", "8013721229812826112", "5830319835468267520", "5830319835468267520", "5830319835468267520", "5830319835468267520", "5830319835468267520", "5830319835468267520"], "confidences": [0.999761403, 0.999758065, 0.99942565, 0.99871397, 0.99810946, 0.997711182, 0.997324824, 0.996458471, 0.995669842, 0.994914889, 0.993871093, 0.993487477], "displayNames": ["Entity", "Entity", "Entity", "Entity", "Relationship", "Entity", "Relationship", "Relationship", "Relationship", "Relationship", "Relationship", "Relationship"], "bboxes": [[0.303983688, 0.429533899, 0.708069324, 0.998855293], [0.758922458, 0.883959055, 0.0534781665, 0.355398536], [0.158488661, 0.283231288, 0.050524082, 0.357538104], [0.498420328, 0.6224159, 0.480586231, 0.844544888], [0.900261462, 0.979107559, 0.158304363, 0.293411404], [0.4511531, 0.621304214, 0.0421704799, 0.428939819], [0.325679839, 0.408508062, 0.48018229, 0.621598959], [0.181059062, 0.260295212, 0.432214618, 0.57179147], [0.32627818, 0.405335277, 0.155217484, 0.296568334], [0.652907133, 0.733297706, 0.155287594, 0.296212852], [0.653740883, 0.732477307, 0.638778567, 0.770382], [0.646941483, 0.72563678, 0.387666106, 0.531741858]]}