{"confidences": [0.999928236, 0.999857664, 0.999818, 0.999774039, 0.99977392, 0.999756157, 0.999725044, 0.99961096, 0.999536753, 0.998927057, 0.998919964, 0.998895764], "displayNames": ["Relationship", "Relationship", "Entity", "Relationship", "Entity", "Relationship", "Relationship", "Entity", "Relationship", "Relationship", "Entity", "Entity"], "ids": ["5830319835468267520", "5830319835468267520", "8013721229812826112", "5830319835468267520", "8013721229812826112", "5830319835468267520", "5830319835468267520", "8013721229812826112", "5830319835468267520", "5830319835468267520", "8013721229812826112", "8013721229812826112"], "bboxes": [[0.179047778, 0.259405583, 0.431986839, 0.571446717], [0.646832466, 0.72758019, 0.386882871, 0.528497696], [0.156358913, 0.280969679, 0.0474143438, 0.358190179], [0.325269073, 0.407108277, 0.476397365, 0.618357658], [0.450873733, 0.622017264, 0.0504900739, 0.417050123], [0.651299119, 0.733858824, 0.636112034, 0.772566438], [0.325525165, 0.405739844, 0.152820602, 0.294075251], [0.303896338, 0.427110165, 0.697850764, 0.996308863], [0.65309906, 0.732950449, 0.153689504, 0.29359141], [0.897421598, 0.980252504, 0.157267421, 0.293151021], [0.496156871, 0.619619429, 0.475589722, 0.845867276], [0.757013142, 0.881060779, 0.0503595509, 0.358044684]]}