{"bboxes": [[0.645040035, 0.80502522, 0.574677289, 0.810904205], [0.503423333, 0.606975913, 0.621844172, 0.709008], [0.323266298, 0.482018262, 0.0104251076, 0.148733556], [0.240129679, 0.400817722, 0.801691592, 0.979596913], [0.232137799, 0.336616397, 0.213780448, 0.300400615], [0.320404798, 0.480194718, 0.322981477, 0.542342842], [0.531391, 0.631868482, 0.382891238, 0.468557149], [0.697002232, 0.854934394, 0.294690758, 0.47306], [0.529634058, 0.633487284, 0.0701756924, 0.159861729], [0.785206676, 0.885669827, 0.859466612, 0.947926819], [0.46250686, 0.564433336, 0.823045552, 0.911786258], [0.536400437, 0.622964621, 0.523222744, 0.577871084], [0.840228617, 0.928287804, 0.742422402, 0.808494866]], "displayNames": ["Entity", "Relationship", "Entity", "Entity", "Relationship", "Entity", "Relationship", "Entity", "Relationship", "Relationship", "Relationship", "Attribute", "Entity"], "ids": ["8013721229812826112", "5830319835468267520", "8013721229812826112", "8013721229812826112", "5830319835468267520", "8013721229812826112", "5830319835468267520", "8013721229812826112", "5830319835468267520", "5830319835468267520", "5830319835468267520", "1656608880802660352", "8013721229812826112"], "confidences": [0.999405146, 0.999225, 0.99905628, 0.999018312, 0.998828232, 0.998797059, 0.998591959, 0.99841404, 0.998171926, 0.997437596, 0.997172832, 0.986588776, 0.901834965]}