{"bboxes": [[0.303681135, 0.428306341, 0.23470892, 0.413772494], [0.298352778, 0.423830509, 0.558363736, 0.735304534], [0.149015561, 0.274013132, 0.0450279862, 0.223744541], [0.47394532, 0.557192504, 0.343246073, 0.426057369], [0.479450583, 0.546609044, 0.655813217, 0.722807765], [0.606123, 0.732491732, 0.337970227, 0.556059599], [0.430898309, 0.498376548, 0.125322923, 0.2066136], [0.484903812, 0.555047393, 0.518752694, 0.599682808], [0.769491673, 0.848250389, 0.752498448, 0.868282497], [0.597757041, 0.721859276, 0.757615089, 0.969449043], [0.18103461, 0.261398554, 0.672184765, 0.756091356]], "ids": ["8013721229812826112", "8013721229812826112", "8013721229812826112", "5830319835468267520", "5830319835468267520", "8013721229812826112", "5830319835468267520", "5830319835468267520", "5830319835468267520", "8013721229812826112", "5830319835468267520"], "displayNames": ["Entity", "Entity", "Entity", "Relationship", "Relationship", "Entity", "Relationship", "Relationship", "Relationship", "Entity", "Relationship"], "confidences": [0.999744, 0.999412179, 0.999188364, 0.998876512, 0.998848557, 0.998593152, 0.998477161, 0.998011053, 0.997421145, 0.996476948, 0.994544744]}