{"confidences": [0.99994123, 0.999919415, 0.999905, 0.999898672, 0.999886155, 0.999859452, 0.999855399, 0.999824703, 0.999811, 0.999781668, 0.999745071, 0.999662519, 0.9996593, 0.999434888, 0.999268353, 0.996888697, 0.995080113], "displayNames": ["Entity", "Entity", "Relationship", "Entity", "Entity", "Entity", "Entity", "Relationship", "Entity", "Relationship", "Entity", "Relationship", "Relationship", "Relationship", "Entity", "Relationship", "Relationship"], "ids": ["8013721229812826112", "8013721229812826112", "5830319835468267520", "8013721229812826112", "8013721229812826112", "8013721229812826112", "8013721229812826112", "5830319835468267520", "8013721229812826112", "5830319835468267520", "8013721229812826112", "5830319835468267520", "5830319835468267520", "5830319835468267520", "8013721229812826112", "5830319835468267520", "5830319835468267520"], "bboxes": [[0.233205527, 0.371780366, 0.160597846, 0.261557907], [0.113653757, 0.343508303, 0.496233165, 0.650620878], [0.406385154, 0.560132861, 0.876711, 0.936804414], [0.703672349, 0.835279882, 0.159600869, 0.261900455], [0.654136837, 0.882767916, 0.484937191, 0.66211617], [0.585161626, 0.704012156, 0.310165, 0.41109097], [0.511091352, 0.623486459, 0.157709152, 0.2659356], [0.72093749, 0.820756316, 0.395747602, 0.436939359], [0.247692749, 0.382294357, 0.302192688, 0.419017315], [0.424259514, 0.575198174, 0.553059042, 0.613573], [0.59963578, 0.831352592, 0.743198454, 0.893043697], [0.750557065, 0.852133274, 0.317718923, 0.358903229], [0.114580482, 0.220970228, 0.279571265, 0.319454938], [0.764935255, 0.868772507, 0.0900009573, 0.130593389], [0.181998551, 0.390637428, 0.742622, 0.894537926], [0.402473241, 0.46545428, 0.200988889, 0.242968529], [0.416751266, 0.524565, 0.330242217, 0.372243106]]}