{"ids": ["8013721229812826112", "8013721229812826112", "8013721229812826112", "5830319835468267520", "8013721229812826112", "8013721229812826112", "8013721229812826112", "5830319835468267520", "8013721229812826112", "8013721229812826112", "8013721229812826112", "5830319835468267520", "5830319835468267520", "5830319835468267520", "5830319835468267520", "5830319835468267520", "5830319835468267520", "5830319835468267520"], "displayNames": ["Entity", "Entity", "Entity", "Relationship", "Entity", "Entity", "Entity", "Relationship", "Entity", "Entity", "Entity", "Relationship", "Relationship", "Relationship", "Relationship", "Relationship", "Relationship", "Relationship"], "confidences": [0.999882102, 0.999790967, 0.999522686, 0.999261677, 0.999110639, 0.999107778, 0.999081135, 0.999017, 0.998734295, 0.998680294, 0.996969879, 0.995606244, 0.994761765, 0.994369805, 0.993983567, 0.993409693, 0.992151618, 0.988456368], "bboxes": [[0.114557676, 0.342246234, 0.498625845, 0.653586507], [0.60002315, 0.831039727, 0.746120572, 0.893744111], [0.233530089, 0.377379328, 0.161320716, 0.262298435], [0.40974924, 0.555602789, 0.878605902, 0.937854469], [0.24831903, 0.380967408, 0.30108577, 0.418834448], [0.587512136, 0.704096437, 0.309660435, 0.412240922], [0.648341894, 0.882354259, 0.487270534, 0.665913403], [0.424950451, 0.574031174, 0.55411613, 0.613611937], [0.510070562, 0.626042247, 0.156820968, 0.267447233], [0.18301791, 0.387083828, 0.746313512, 0.891139567], [0.70519805, 0.835718572, 0.158691809, 0.26228562], [0.402956635, 0.463164151, 0.201095641, 0.24266082], [0.750643432, 0.850233495, 0.318053067, 0.358559489], [0.637676716, 0.697295845, 0.20198904, 0.241803482], [0.419882268, 0.523475528, 0.330959171, 0.371668786], [0.116986133, 0.220764726, 0.279234797, 0.31912449], [0.720273435, 0.820718, 0.396850675, 0.436990529], [0.765903711, 0.867269635, 0.0903321207, 0.132383421]]}