{"ids": ["8013721229812826112", "8013721229812826112", "8013721229812826112", "8013721229812826112", "8013721229812826112", "5830319835468267520", "5830319835468267520", "8013721229812826112", "5830319835468267520", "5830319835468267520", "8013721229812826112", "5830319835468267520", "5830319835468267520", "5830319835468267520", "5830319835468267520"], "bboxes": [[0.691722035, 0.79435879, 0.37428993, 0.456025541], [0.205197468, 0.307249546, 0.204224214, 0.285005957], [0.559702337, 0.663926244, 0.196476713, 0.276805341], [0.152313828, 0.257408649, 0.406703919, 0.490896553], [0.439034641, 0.542199969, 0.372664034, 0.462517083], [0.279541194, 0.337378323, 0.349226594, 0.394968569], [0.335686475, 0.433401197, 0.820033908, 0.900539875], [0.136355117, 0.320046604, 0.598168612, 0.741604447], [0.12065015, 0.249746069, 0.317538261, 0.363373399], [0.342628151, 0.402490377, 0.292310923, 0.338224083], [0.513082206, 0.698192418, 0.748964548, 0.892506838], [0.790471733, 0.865378, 0.476570129, 0.521760046], [0.500147164, 0.587790787, 0.301567018, 0.347157121], [0.705734313, 0.777035773, 0.295444518, 0.341889113], [0.68170017, 0.783408642, 0.127819061, 0.172890127]], "displayNames": ["Entity", "Entity", "Entity", "Entity", "Entity", "Relationship", "Relationship", "Entity", "Relationship", "Relationship", "Entity", "Relationship", "Relationship", "Relationship", "Relationship"], "confidences": [0.999969, 0.999968648, 0.999947548, 0.999944091, 0.999880314, 0.999603689, 0.99915266, 0.998955965, 0.998647153, 0.998602, 0.998515904, 0.997663736, 0.997346759, 0.997343, 0.996609]}