{"confidences": [0.999989748, 0.999982595, 0.999979854, 0.999978065, 0.999972224, 0.999908686, 0.999907, 0.999871492, 0.99981004, 0.99979955, 0.999681473, 0.999679446, 0.999654293, 0.999604404, 0.999361575], "displayNames": ["Entity", "Entity", "Entity", "Entity", "Entity", "Relationship", "Relationship", "Relationship", "Relationship", "Relationship", "Relationship", "Relationship", "Entity", "Entity", "Relationship"], "ids": ["8013721229812826112", "8013721229812826112", "8013721229812826112", "8013721229812826112", "8013721229812826112", "5830319835468267520", "5830319835468267520", "5830319835468267520", "5830319835468267520", "5830319835468267520", "5830319835468267520", "5830319835468267520", "8013721229812826112", "8013721229812826112", "5830319835468267520"], "bboxes": [[0.203090861, 0.306955606, 0.202711478, 0.285182536], [0.689630687, 0.79192549, 0.373350799, 0.456298709], [0.151787311, 0.256574839, 0.406869173, 0.489781141], [0.559318841, 0.663644671, 0.194806963, 0.276606619], [0.438526422, 0.540838242, 0.372486621, 0.46214518], [0.342176497, 0.40358296, 0.291963845, 0.338355869], [0.705744386, 0.778915584, 0.296442956, 0.341202527], [0.11941693, 0.248158872, 0.317465246, 0.362550318], [0.791371465, 0.866499603, 0.475594819, 0.521422744], [0.278404, 0.33761555, 0.349747211, 0.395448536], [0.68211633, 0.784245551, 0.127513245, 0.173099265], [0.497842252, 0.590099871, 0.302213192, 0.346753299], [0.513627052, 0.695982933, 0.747265577, 0.892294765], [0.137349591, 0.31830287, 0.596987128, 0.740316391], [0.335758626, 0.434459478, 0.817781031, 0.9008407]]}