{"confidences": [0.999845147, 0.999839067, 0.999812901, 0.999779403, 0.999707162, 0.999616, 0.999604166, 0.999603212, 0.999602497, 0.999584734, 0.999546826, 0.999491334], "displayNames": ["Entity", "Entity", "Relationship", "Relationship", "Entity", "Entity", "Relationship", "Relationship", "Relationship", "Relationship", "Entity", "Relationship"], "ids": ["8013721229812826112", "8013721229812826112", "5830319835468267520", "5830319835468267520", "8013721229812826112", "8013721229812826112", "5830319835468267520", "5830319835468267520", "5830319835468267520", "5830319835468267520", "8013721229812826112", "5830319835468267520"], "bboxes": [[0.690563262, 0.887606502, 0.397409439, 0.531897068], [0.54896903, 0.818143189, 0.129072219, 0.238398343], [0.172169149, 0.30110091, 0.552384079, 0.601095617], [0.306730181, 0.433500141, 0.552305818, 0.601895332], [0.171869367, 0.442773163, 0.656587064, 0.768003881], [0.207408026, 0.40092954, 0.429077476, 0.514678478], [0.72301656, 0.852820516, 0.292925477, 0.342684031], [0.482925206, 0.611216664, 0.446091, 0.497017443], [0.368323594, 0.495403886, 0.171677887, 0.222122699], [0.136387184, 0.265393883, 0.317645907, 0.366155386], [0.113441356, 0.308502793, 0.129105181, 0.263487458], [0.483731091, 0.610173047, 0.293054402, 0.343446493]]}