{"bboxes": [[0.20543389, 0.402456164, 0.430055469, 0.516302764], [0.172764227, 0.441400409, 0.657068, 0.768065691], [0.687741101, 0.889797568, 0.399085134, 0.530326486], [0.484777123, 0.611605465, 0.445706636, 0.498302966], [0.307562113, 0.43148917, 0.554128945, 0.602897], [0.369826555, 0.495344251, 0.170293272, 0.222578704], [0.172951862, 0.301289, 0.553389907, 0.601798296], [0.138099357, 0.264598727, 0.317779303, 0.367187262], [0.724230289, 0.855197728, 0.292568117, 0.344417781], [0.548616648, 0.819546521, 0.130520657, 0.240672335], [0.484723389, 0.610329, 0.292764902, 0.343126595], [0.109593086, 0.314501584, 0.130067468, 0.262612432]], "confidences": [0.999505401, 0.999389648, 0.999150634, 0.999126136, 0.999092579, 0.998793602, 0.99860853, 0.998565853, 0.997595, 0.997452199, 0.996762633, 0.995484948], "ids": ["8013721229812826112", "8013721229812826112", "8013721229812826112", "5830319835468267520", "5830319835468267520", "5830319835468267520", "5830319835468267520", "5830319835468267520", "5830319835468267520", "8013721229812826112", "5830319835468267520", "8013721229812826112"], "displayNames": ["Entity", "Entity", "Entity", "Relationship", "Relationship", "Relationship", "Relationship", "Relationship", "Relationship", "Entity", "Relationship", "Entity"]}