{"displayNames": ["Entity", "Entity", "Entity", "Entity", "Relationship", "Entity", "Attribute", "Relationship", "Relationship", "Relationship", "Relationship", "Attribute", "Relationship", "Attribute"], "ids": ["8013721229812826112", "8013721229812826112", "8013721229812826112", "8013721229812826112", "5830319835468267520", "8013721229812826112", "1656608880802660352", "5830319835468267520", "5830319835468267520", "5830319835468267520", "5830319835468267520", "1656608880802660352", "5830319835468267520", "1656608880802660352"], "confidences": [0.999892116, 0.999885321, 0.999553621, 0.999028087, 0.998410821, 0.997895598, 0.996545494, 0.99560529, 0.995198905, 0.993776202, 0.992234, 0.991050959, 0.98639214, 0.982749343], "bboxes": [[0.583122253, 0.732981861, 0.386098951, 0.458589584], [0.117460005, 0.257927775, 0.166471511, 0.235932648], [0.181861416, 0.336842984, 0.253555238, 0.332569838], [0.173380554, 0.324238628, 0.427773654, 0.527929604], [0.330171198, 0.427889019, 0.367643982, 0.40615657], [0.522763252, 0.677890122, 0.14506042, 0.244613886], [0.439412624, 0.520670176, 0.348353118, 0.375105292], [0.665502071, 0.767124116, 0.253577709, 0.293297768], [0.568647265, 0.667648375, 0.302937567, 0.343769], [0.386253119, 0.48514846, 0.259352177, 0.299596876], [0.342968643, 0.440559149, 0.177483618, 0.216721863], [0.498743385, 0.580798268, 0.278733134, 0.304857314], [0.379571587, 0.478941083, 0.417397439, 0.456514955], [0.303349316, 0.387367427, 0.126766801, 0.154268086]]}