{"confidences": [0.999878049, 0.999830484, 0.999824345, 0.999761283, 0.999754, 0.999744117, 0.999645472, 0.999591053, 0.999576867, 0.999485493, 0.999412537, 0.999043882, 0.995459259], "displayNames": ["Relationship", "Relationship", "Relationship", "Relationship", "Relationship", "Relationship", "Entity", "Entity", "Entity", "Entity", "Relationship", "Entity", "Attribute"], "ids": ["5830319835468267520", "5830319835468267520", "5830319835468267520", "5830319835468267520", "5830319835468267520", "5830319835468267520", "8013721229812826112", "8013721229812826112", "8013721229812826112", "8013721229812826112", "5830319835468267520", "8013721229812826112", "1656608880802660352"], "bboxes": [[0.690206349, 0.826963067, 0.51053524, 0.568069458], [0.445238322, 0.579003453, 0.485993475, 0.543299], [0.699684501, 0.810374379, 0.311286837, 0.354333848], [0.180473402, 0.292279661, 0.32184732, 0.365597546], [0.243738711, 0.35552007, 0.518835604, 0.561244547], [0.297961175, 0.411837906, 0.322356462, 0.36583209], [0.152563795, 0.321245939, 0.191132262, 0.285267353], [0.435118943, 0.60118413, 0.32490924, 0.435008794], [0.135047853, 0.302560657, 0.42980665, 0.503748298], [0.677583, 0.846814752, 0.382071674, 0.475055397], [0.455785453, 0.568457663, 0.205717355, 0.250806212], [0.674891412, 0.843546033, 0.190566167, 0.295096278], [0.465941697, 0.557366967, 0.566149175, 0.589792669]]}