{"confidences": [0.999594033, 0.999445617, 0.999338806, 0.999089599, 0.998332918, 0.997953653, 0.997575462, 0.997451842, 0.996604443, 0.99556762, 0.994666696, 0.993586898, 0.964028], "ids": ["8013721229812826112", "8013721229812826112", "8013721229812826112", "8013721229812826112", "5830319835468267520", "5830319835468267520", "5830319835468267520", "8013721229812826112", "5830319835468267520", "5830319835468267520", "5830319835468267520", "5830319835468267520", "1656608880802660352"], "displayNames": ["Entity", "Entity", "Entity", "Entity", "Relationship", "Relationship", "Relationship", "Entity", "Relationship", "Relationship", "Relationship", "Relationship", "Attribute"], "bboxes": [[0.134456649, 0.306911707, 0.431484759, 0.50416106], [0.679175496, 0.851350784, 0.384311527, 0.47536394], [0.153082475, 0.323964506, 0.193781152, 0.285401791], [0.677440405, 0.846845329, 0.195115536, 0.296456814], [0.446994841, 0.58005172, 0.486774653, 0.543616414], [0.297584057, 0.410512745, 0.322272837, 0.365549982], [0.691919923, 0.825575352, 0.512876093, 0.569195926], [0.434327155, 0.602926, 0.323837489, 0.437136561], [0.183600649, 0.29391104, 0.321620852, 0.365493625], [0.458211154, 0.568418324, 0.206867486, 0.249936402], [0.700686336, 0.809724569, 0.311417133, 0.355188042], [0.245961308, 0.355599552, 0.518152595, 0.561634302], [0.468409121, 0.557116032, 0.566901147, 0.591101825]]}