{"displayNames": ["Entity", "Entity", "Entity", "Entity", "Relationship", "Entity", "Relationship", "Relationship", "Relationship", "Relationship", "Relationship", "Relationship"], "ids": ["8013721229812826112", "8013721229812826112", "8013721229812826112", "8013721229812826112", "5830319835468267520", "8013721229812826112", "5830319835468267520", "5830319835468267520", "5830319835468267520", "5830319835468267520", "5830319835468267520", "5830319835468267520"], "bboxes": [[0.0725285336, 0.284528077, 0.0456712916, 0.221596241], [0.531128287, 0.746086359, 0.734519899, 0.953318179], [0.539839864, 0.752404451, 0.0497304313, 0.258391023], [0.148822933, 0.358695656, 0.399635196, 0.561896741], [0.842443943, 0.932786, 0.803827524, 0.872958064], [0.532125592, 0.742895484, 0.41007024, 0.586448312], [0.60419482, 0.694581926, 0.308587313, 0.373055845], [0.418018967, 0.506025434, 0.296012551, 0.36539185], [0.59495163, 0.685745478, 0.63486135, 0.701594532], [0.368403047, 0.455752641, 0.151965871, 0.220912859], [0.838573277, 0.92128557, 0.478775412, 0.547103405], [0.368763238, 0.455901355, 0.0349494629, 0.102269553]], "confidences": [0.999626875, 0.999499321, 0.999151111, 0.998657346, 0.998583078, 0.998271942, 0.997298419, 0.997239113, 0.996434, 0.993813157, 0.99260062, 0.992248774]}