{"displayNames": ["Entity", "Entity", "Entity", "Relationship", "Entity", "Entity", "Relationship", "Relationship", "Relationship", "Relationship", "Relationship", "Relationship"], "bboxes": [[0.693892419, 0.863083899, 0.308768213, 0.404962], [0.254514873, 0.425138324, 0.551303267, 0.646492958], [0.144275874, 0.314372, 0.308458924, 0.404213965], [0.137289211, 0.246729106, 0.503818691, 0.54756242], [0.55859077, 0.728664041, 0.552539885, 0.660229862], [0.423504, 0.592137337, 0.308684081, 0.423984498], [0.651170671, 0.756908894, 0.247525439, 0.290486664], [0.751051962, 0.85651052, 0.475697786, 0.520241559], [0.319087744, 0.427074701, 0.246888414, 0.290174276], [0.741378307, 0.850074172, 0.678255796, 0.722029924], [0.570030093, 0.680290878, 0.455269396, 0.500294268], [0.335097, 0.445273936, 0.462457597, 0.506097615]], "ids": ["8013721229812826112", "8013721229812826112", "8013721229812826112", "5830319835468267520", "8013721229812826112", "8013721229812826112", "5830319835468267520", "5830319835468267520", "5830319835468267520", "5830319835468267520", "5830319835468267520", "5830319835468267520"], "confidences": [0.999345, 0.999066293, 0.998818934, 0.998795629, 0.998629, 0.998520434, 0.998166502, 0.996616423, 0.996416211, 0.995241642, 0.994996309, 0.99393785]}