{"confidences": [0.999839544, 0.99979955, 0.99976927, 0.999765933, 0.999698043, 0.999619484, 0.999615312, 0.999598801, 0.999520779, 0.999457896, 0.999225616, 0.998830855], "displayNames": ["Entity", "Entity", "Relationship", "Entity", "Relationship", "Relationship", "Relationship", "Relationship", "Relationship", "Relationship", "Entity", "Entity"], "ids": ["8013721229812826112", "8013721229812826112", "5830319835468267520", "8013721229812826112", "5830319835468267520", "5830319835468267520", "5830319835468267520", "5830319835468267520", "5830319835468267520", "5830319835468267520", "8013721229812826112", "8013721229812826112"], "bboxes": [[0.142677322, 0.311901838, 0.307402045, 0.403916746], [0.419732302, 0.59224993, 0.307938308, 0.424544483], [0.135166124, 0.247599289, 0.503642321, 0.54761219], [0.69222033, 0.861278594, 0.307393104, 0.404238135], [0.651107073, 0.759922683, 0.247737378, 0.290062636], [0.317897856, 0.427388847, 0.247280464, 0.290425897], [0.741150141, 0.85115248, 0.676465213, 0.722761452], [0.334331334, 0.447161049, 0.46177119, 0.5059219], [0.749158442, 0.859532833, 0.476192087, 0.519072], [0.568069696, 0.680204749, 0.455529898, 0.498190373], [0.556558967, 0.725190282, 0.551886678, 0.660012841], [0.250321388, 0.421400249, 0.551981509, 0.64688772]]}