{"bboxes": [[0.533406079, 0.697810709, 0.536000311, 0.816812575], [0.661112666, 0.728855133, 0.926715434, 1.0], [0.779282033, 0.94295603, 0.0654122457, 0.301976115], [0.176166147, 0.255587637, 0.447473496, 0.528697789], [0.252035797, 0.417633116, 0.738496, 0.971209764], [0.00619708, 0.170415953, 0.0605714507, 0.29910928], [0.363087922, 0.530733883, 0.0519213453, 0.334424466], [0.123892806, 0.204365522, 0.687820435, 0.772224307], [0.880120754, 0.949276567, 0.374924511, 0.451679915], [0.228898704, 0.307130516, 0.171118394, 0.253869146], [0.615793169, 0.686487257, 0.171453819, 0.244610786], [0.75604248, 0.825783372, 0.576169252, 0.651791215]], "ids": ["8013721229812826112", "5830319835468267520", "8013721229812826112", "5830319835468267520", "8013721229812826112", "8013721229812826112", "8013721229812826112", "5830319835468267520", "5830319835468267520", "5830319835468267520", "5830319835468267520", "5830319835468267520"], "displayNames": ["Entity", "Relationship", "Entity", "Relationship", "Entity", "Entity", "Entity", "Relationship", "Relationship", "Relationship", "Relationship", "Relationship"], "confidences": [0.999568522, 0.999359548, 0.999226809, 0.999151349, 0.999133885, 0.998744607, 0.998502, 0.997303963, 0.996774137, 0.995575666, 0.993563652, 0.993095458]}