{"confidences": [0.999217272, 0.998785317, 0.99877733, 0.998690665, 0.99851197, 0.998406827, 0.997549355, 0.997529685, 0.997490764, 0.996939898, 0.996614039, 0.996544778], "displayNames": ["Entity", "Entity", "Relationship", "Relationship", "Entity", "Entity", "Relationship", "Entity", "Relationship", "Relationship", "Relationship", "Relationship"], "bboxes": [[0.430585146, 0.619187534, 0.545662045, 0.665055037], [0.266354293, 0.454271883, 0.311355591, 0.43336916], [0.13603279, 0.254952431, 0.454830647, 0.501397789], [0.42638731, 0.543435, 0.251670629, 0.299182445], [0.219530702, 0.405745327, 0.156312525, 0.256645], [0.538201511, 0.722355962, 0.401207149, 0.504319251], [0.273756504, 0.390005022, 0.506947577, 0.553609192], [0.530331, 0.714045048, 0.138268381, 0.240373015], [0.76749295, 0.88246268, 0.428220034, 0.476247], [0.118010469, 0.236630216, 0.319000572, 0.366396934], [0.706599176, 0.825881958, 0.252163589, 0.29929328], [0.666357934, 0.785344541, 0.588858247, 0.635828376]], "ids": ["8013721229812826112", "8013721229812826112", "5830319835468267520", "5830319835468267520", "8013721229812826112", "8013721229812826112", "5830319835468267520", "8013721229812826112", "5830319835468267520", "5830319835468267520", "5830319835468267520", "5830319835468267520"]}