{"displayNames": ["Entity", "Entity", "Entity", "Entity", "Entity", "Entity", "Entity", "Relationship", "Relationship", "Relationship", "Relationship", "Relationship", "Relationship", "Relationship"], "confidences": [0.99983871, 0.999824703, 0.999812901, 0.99966526, 0.999414206, 0.999401927, 0.999356329, 0.997478902, 0.994844913, 0.993167, 0.993017673, 0.992622137, 0.99184835, 0.981459141], "bboxes": [[0.49786818, 0.625878692, 0.165844485, 0.235390112], [0.276324719, 0.399630398, 0.338743865, 0.413893282], [0.505280495, 0.630275607, 0.416131169, 0.482138425], [0.167795569, 0.394725859, 0.532365441, 0.721553445], [0.180922762, 0.406540245, 0.756227255, 0.901959538], [0.505811691, 0.631565452, 0.294419765, 0.382137775], [0.232757747, 0.361743152, 0.221247986, 0.309459239], [0.181442976, 0.266282588, 0.36759147, 0.402263552], [0.661041498, 0.744922757, 0.16396904, 0.198977798], [0.659645438, 0.745070636, 0.389498889, 0.423064768], [0.640042067, 0.723375201, 0.263409495, 0.297132075], [0.363253146, 0.448667854, 0.169103, 0.203723013], [0.422448933, 0.502916336, 0.38066718, 0.414223462], [0.410783738, 0.492701113, 0.279103726, 0.313087136]], "ids": ["8013721229812826112", "8013721229812826112", "8013721229812826112", "8013721229812826112", "8013721229812826112", "8013721229812826112", "8013721229812826112", "5830319835468267520", "5830319835468267520", "5830319835468267520", "5830319835468267520", "5830319835468267520", "5830319835468267520", "5830319835468267520"]}