{"confidences": [0.998771131, 0.99840945, 0.997739911, 0.99764, 0.997285128, 0.996971607, 0.996649921, 0.996403456, 0.994897664, 0.994801283], "bboxes": [[0.520011961, 0.694472432, 0.608250856, 0.721774936], [0.36997506, 0.478574753, 0.731414616, 0.776702344], [0.464724064, 0.639793873, 0.162523136, 0.276785314], [0.647783279, 0.812669694, 0.419673771, 0.513706625], [0.144022822, 0.314364, 0.435273945, 0.531939089], [0.124496795, 0.298309535, 0.291657865, 0.382950902], [0.614731312, 0.721662879, 0.32991451, 0.374099851], [0.444219023, 0.553182065, 0.461313367, 0.505875468], [0.720572054, 0.830431759, 0.592311859, 0.63785851], [0.299452633, 0.400096834, 0.197599366, 0.241134897]], "ids": ["8013721229812826112", "5830319835468267520", "8013721229812826112", "8013721229812826112", "8013721229812826112", "8013721229812826112", "5830319835468267520", "5830319835468267520", "5830319835468267520", "5830319835468267520"], "displayNames": ["Entity", "Relationship", "Entity", "Entity", "Entity", "Entity", "Relationship", "Relationship", "Relationship", "Relationship"]}