{"confidences": [0.999775, 0.999734819, 0.999722183, 0.999688148, 0.999678493, 0.999674916, 0.999615073, 0.999593794, 0.999589, 0.999545515, 0.999539733, 0.99912113, 0.99868089], "displayNames": ["Relationship", "Relationship", "Relationship", "Relationship", "Entity", "Entity", "Entity", "Relationship", "Attribute", "Relationship", "Relationship", "Entity", "Entity"], "ids": ["5830319835468267520", "5830319835468267520", "5830319835468267520", "5830319835468267520", "8013721229812826112", "8013721229812826112", "8013721229812826112", "5830319835468267520", "1656608880802660352", "5830319835468267520", "5830319835468267520", "8013721229812826112", "8013721229812826112"], "bboxes": [[0.533668458, 0.637640774, 0.0288778953, 0.126447126], [0.49459064, 0.598414063, 0.792271614, 0.896411], [0.482460171, 0.586154222, 0.623769224, 0.728815198], [0.875083268, 0.977365911, 0.221224114, 0.320546478], [0.280148029, 0.439761341, 0.29276973, 0.567858815], [0.266100705, 0.421207607, 0.71719259, 0.938557684], [0.690771, 0.848049283, 0.134422794, 0.40490666], [0.543941855, 0.644790053, 0.170500398, 0.275013328], [0.500400424, 0.589255214, 0.906143486, 0.976546228], [0.499486685, 0.601733208, 0.442401826, 0.545587659], [0.18305558, 0.286237329, 0.170821086, 0.272289127], [0.655073285, 0.811487198, 0.549111903, 0.774085522], [0.356582224, 0.51327908, 0.00955445692, 0.22957091]]}