{"confidences": [0.999343574, 0.999218, 0.999174058, 0.999138713, 0.998902559, 0.998838127, 0.998676121, 0.998589814, 0.998342872, 0.997719586, 0.997332692, 0.996583045, 0.993705213], "bboxes": [[0.653892517, 0.814920425, 0.554067314, 0.772907674], [0.68861419, 0.846454322, 0.13997829, 0.405237019], [0.279486, 0.441286802, 0.30001384, 0.563915849], [0.266307592, 0.424162269, 0.720609486, 0.936982], [0.183438063, 0.285343289, 0.175296143, 0.275360554], [0.496330261, 0.596843719, 0.798111081, 0.895469189], [0.501493514, 0.600812256, 0.447045028, 0.547199368], [0.878115296, 0.976243, 0.225108653, 0.324115276], [0.484370291, 0.584996283, 0.629442096, 0.730446219], [0.544536233, 0.644356251, 0.174378529, 0.275623441], [0.534256756, 0.638371408, 0.0306883845, 0.130394921], [0.355830938, 0.513091624, 0.0108600063, 0.232062608], [0.502666, 0.58853817, 0.907812417, 0.977304399]], "ids": ["8013721229812826112", "8013721229812826112", "8013721229812826112", "8013721229812826112", "5830319835468267520", "5830319835468267520", "5830319835468267520", "5830319835468267520", "5830319835468267520", "5830319835468267520", "5830319835468267520", "8013721229812826112", "1656608880802660352"], "displayNames": ["Entity", "Entity", "Entity", "Entity", "Relationship", "Relationship", "Relationship", "Relationship", "Relationship", "Relationship", "Relationship", "Entity", "Attribute"]}