{"confidences": [0.999895692, 0.99988246, 0.999851227, 0.99985075, 0.999795, 0.999746621, 0.999732792, 0.999646902, 0.999629498, 0.999596894, 0.999569714, 0.999384761], "displayNames": ["Entity", "Entity", "Entity", "Entity", "Attribute", "Relationship", "Entity", "Relationship", "Relationship", "Attribute", "Relationship", "Relationship"], "ids": ["8013721229812826112", "8013721229812826112", "8013721229812826112", "8013721229812826112", "1656608880802660352", "5830319835468267520", "8013721229812826112", "5830319835468267520", "5830319835468267520", "1656608880802660352", "5830319835468267520", "5830319835468267520"], "bboxes": [[0.216994464, 0.359360069, 0.296865374, 0.388078], [0.20308277, 0.344709367, 0.456245, 0.551657736], [0.194628373, 0.343420148, 0.15273945, 0.26953727], [0.547763348, 0.691805303, 0.310748428, 0.428251952], [0.545620263, 0.626308739, 0.496012777, 0.525677621], [0.190968752, 0.282714814, 0.0887971893, 0.12267179], [0.517318308, 0.655065894, 0.169470474, 0.257845938], [0.401222974, 0.49328196, 0.437349856, 0.472652853], [0.396820575, 0.485609084, 0.194599047, 0.229029849], [0.473388344, 0.55268079, 0.529733479, 0.555256665], [0.43097195, 0.523691893, 0.307335734, 0.340886295], [0.622445226, 0.712035656, 0.240764588, 0.277591676]]}