{"displayNames": ["Entity", "Entity", "Entity", "Entity", "Entity", "Relationship", "Relationship", "Attribute", "Attribute", "Relationship", "Relationship", "Relationship"], "confidences": [0.999721587, 0.999716341, 0.999694347, 0.99933821, 0.998751163, 0.997192085, 0.994257331, 0.99096489, 0.986729264, 0.985965371, 0.985292852, 0.985115349], "ids": ["8013721229812826112", "8013721229812826112", "8013721229812826112", "8013721229812826112", "8013721229812826112", "5830319835468267520", "5830319835468267520", "1656608880802660352", "1656608880802660352", "5830319835468267520", "5830319835468267520", "5830319835468267520"], "bboxes": [[0.201145247, 0.340079576, 0.154261798, 0.268748462], [0.55486536, 0.691963136, 0.312838852, 0.426861405], [0.208205387, 0.342379093, 0.458562374, 0.548303843], [0.21995157, 0.358533591, 0.299294978, 0.38639], [0.516338, 0.655502081, 0.172161564, 0.256857812], [0.395855933, 0.485241294, 0.1950133, 0.228968784], [0.405346125, 0.494513929, 0.438050508, 0.472063124], [0.475768477, 0.551911712, 0.529278755, 0.555413604], [0.546662569, 0.623980045, 0.497327447, 0.524289489], [0.428636789, 0.523529291, 0.309060276, 0.342044652], [0.623458505, 0.710612655, 0.240602612, 0.277494371], [0.193609178, 0.283703953, 0.0897058845, 0.122951731]]}