{"confidences": [0.999925256, 0.999910235, 0.999894857, 0.999880433, 0.999759853, 0.999572814, 0.999399424, 0.996560156, 0.995074, 0.993275285, 0.954176128, 0.941314518], "bboxes": [[0.395573765, 0.516026, 0.381239772, 0.454743385], [0.238629803, 0.352079511, 0.489115626, 0.545746446], [0.485219806, 0.602974594, 0.474547625, 0.547324777], [0.6468274, 0.762888134, 0.381552637, 0.440087676], [0.150653213, 0.264975399, 0.379273027, 0.441596836], [0.292922437, 0.369143, 0.396279186, 0.424971968], [0.256239206, 0.332690924, 0.442974389, 0.471161902], [0.61061877, 0.687850714, 0.460025758, 0.488598734], [0.541771472, 0.617637038, 0.400145501, 0.428858608], [0.371782362, 0.450157076, 0.493443102, 0.522602379], [0.609657764, 0.682715774, 0.55357635, 0.582218051], [0.77272284, 0.846052825, 0.445702553, 0.473191261]], "displayNames": ["Entity", "Entity", "Entity", "Entity", "Entity", "Relationship", "Relationship", "Relationship", "Relationship", "Relationship", "Relationship", "Entity"], "ids": ["8013721229812826112", "8013721229812826112", "8013721229812826112", "8013721229812826112", "8013721229812826112", "5830319835468267520", "5830319835468267520", "5830319835468267520", "5830319835468267520", "5830319835468267520", "5830319835468267520", "8013721229812826112"]}