{"confidences": [0.999896288, 0.999889731, 0.999871135, 0.999199212, 0.998902321, 0.99873513, 0.997609854, 0.996344388, 0.995139599, 0.984199524, 0.983739197, 0.902754426], "displayNames": ["Relationship", "Relationship", "Relationship", "Entity", "Entity", "Relationship", "Entity", "Entity", "Entity", "Relationship", "Relationship", "Relationship"], "ids": ["5830319835468267520", "5830319835468267520", "5830319835468267520", "8013721229812826112", "8013721229812826112", "5830319835468267520", "8013721229812826112", "8013721229812826112", "8013721229812826112", "5830319835468267520", "5830319835468267520", "5830319835468267520"], "bboxes": [[0.424751759, 0.507602036, 0.718347549, 0.741285324], [0.433292031, 0.504622281, 0.419341445, 0.44680661], [0.75125742, 0.841682196, 0.569105864, 0.598856449], [0.189113215, 0.416783273, 0.391099185, 0.484701067], [0.515571, 0.738899708, 0.384563506, 0.49070847], [0.155883789, 0.201068297, 0.488966316, 0.549471736], [0.517141759, 0.749674141, 0.529668689, 0.624143839], [0.521025479, 0.750350356, 0.662493706, 0.769512892], [0.199129686, 0.426630616, 0.535773754, 0.632403612], [0.754105926, 0.789250851, 0.501015544, 0.552531958], [0.425457776, 0.461649925, 0.495405555, 0.544757485], [0.448386937, 0.481430769, 0.517398477, 0.576393962]]}