{"displayNames": ["Entity", "Entity", "Relationship", "Relationship", "Entity", "Entity", "Entity", "Relationship", "Relationship", "Relationship"], "confidences": [0.999364078, 0.998567343, 0.998393714, 0.997620046, 0.997489572, 0.996314824, 0.995260775, 0.995027721, 0.974337697, 0.941275299], "ids": ["8013721229812826112", "8013721229812826112", "5830319835468267520", "5830319835468267520", "8013721229812826112", "8013721229812826112", "8013721229812826112", "5830319835468267520", "5830319835468267520", "5830319835468267520"], "bboxes": [[0.185692042, 0.415140927, 0.394314647, 0.483408332], [0.518622696, 0.749128163, 0.66658771, 0.768942714], [0.434999377, 0.50423336, 0.419984639, 0.446557879], [0.426549345, 0.507275462, 0.718708456, 0.741437256], [0.515633643, 0.742280662, 0.386784881, 0.490550727], [0.200896636, 0.422244668, 0.541859627, 0.631744266], [0.525194049, 0.749867082, 0.532856643, 0.623194873], [0.754834533, 0.84256494, 0.571172774, 0.599745333], [0.157005951, 0.200278223, 0.48724398, 0.550077498], [0.752788544, 0.790476382, 0.502197862, 0.556990147]]}