{"confidences": [0.99997282, 0.99995029, 0.999947429, 0.999909401, 0.999897, 0.999888182, 0.999594748, 0.999118865, 0.997885406, 0.993163, 0.985826433, 0.94891876], "displayNames": ["Entity", "Relationship", "Entity", "Entity", "Relationship", "Relationship", "Entity", "Entity", "Relationship", "Relationship", "Attribute", "Attribute"], "ids": ["8013721229812826112", "5830319835468267520", "8013721229812826112", "8013721229812826112", "5830319835468267520", "5830319835468267520", "8013721229812826112", "8013721229812826112", "5830319835468267520", "5830319835468267520", "1656608880802660352", "1656608880802660352"], "bboxes": [[0.248387933, 0.353167146, 0.385095596, 0.461272776], [0.433033228, 0.519530833, 0.688038, 0.716295242], [0.573419929, 0.681309104, 0.385756612, 0.478948593], [0.615640044, 0.741269469, 0.505213439, 0.57888943], [0.397935808, 0.481763422, 0.433468252, 0.459842235], [0.650839865, 0.722594559, 0.605029404, 0.637797296], [0.214466229, 0.371454895, 0.533125818, 0.615397632], [0.407253236, 0.538544714, 0.57996434, 0.672921836], [0.517319798, 0.572197855, 0.522253215, 0.545525], [0.727261484, 0.78117013, 0.429992437, 0.450025797], [0.434659392, 0.496670693, 0.473894745, 0.488646], [0.417801738, 0.473254919, 0.402669162, 0.416800886]]}