{"bboxes": [[0.251240462, 0.3538948, 0.389916092, 0.460432917], [0.575561464, 0.683887541, 0.387420565, 0.478079528], [0.619194746, 0.741020918, 0.50636822, 0.580489814], [0.217482552, 0.375505179, 0.536083281, 0.615125239], [0.40857, 0.538827956, 0.582691491, 0.674550593], [0.653813183, 0.721551478, 0.607252061, 0.637114465], [0.438086301, 0.517061472, 0.689751148, 0.715864539], [0.401805282, 0.477269977, 0.434145212, 0.458989143], [0.7264148, 0.780548811, 0.428071111, 0.450965732]], "ids": ["8013721229812826112", "8013721229812826112", "8013721229812826112", "8013721229812826112", "8013721229812826112", "5830319835468267520", "5830319835468267520", "5830319835468267520", "5830319835468267520"], "displayNames": ["Entity", "Entity", "Entity", "Entity", "Entity", "Relationship", "Relationship", "Relationship", "Relationship"], "confidences": [0.999958634, 0.999949455, 0.999843359, 0.999784768, 0.999465764, 0.998842061, 0.99846822, 0.990201414, 0.953360856]}