{"bboxes": [[0.292528629, 0.41879788, 0.576945066, 0.642693281], [0.460498661, 0.591543674, 0.506784737, 0.589354932], [0.728097856, 0.853499711, 0.601153731, 0.661488414], [0.284302086, 0.414785743, 0.741473913, 0.823511124], [0.536254346, 0.662013292, 0.360977381, 0.411168665], [0.736081362, 0.821330726, 0.490201265, 0.52238369], [0.30718264, 0.393583685, 0.667656898, 0.699049354], [0.424190849, 0.508027375, 0.435074776, 0.466667205], [0.168100655, 0.25391072, 0.591322124, 0.623108089], [0.554678321, 0.64000392, 0.439350128, 0.47044903], [0.119297571, 0.205135584, 0.766264439, 0.798002], [0.581962168, 0.66612047, 0.616736472, 0.64707], [0.458776176, 0.543193281, 0.610420763, 0.6411466], [0.861743, 0.933047891, 0.49376303, 0.515248477], [0.648470223, 0.718805254, 0.514644682, 0.53602]], "confidences": [0.999819338, 0.99981755, 0.999776781, 0.999764264, 0.999204695, 0.998817205, 0.998296797, 0.998136282, 0.998108745, 0.997391343, 0.996630609, 0.996594846, 0.993773043, 0.966113746, 0.961382329], "displayNames": ["Entity", "Entity", "Entity", "Entity", "Entity", "Relationship", "Relationship", "Relationship", "Relationship", "Relationship", "Relationship", "Relationship", "Relationship", "Attribute", "Attribute"], "ids": ["8013721229812826112", "8013721229812826112", "8013721229812826112", "8013721229812826112", "8013721229812826112", "5830319835468267520", "5830319835468267520", "5830319835468267520", "5830319835468267520", "5830319835468267520", "5830319835468267520", "5830319835468267520", "5830319835468267520", "1656608880802660352", "1656608880802660352"]}