{"bboxes": [[0.172004908, 0.336475164, 0.673925757, 0.76783], [0.155730605, 0.329428583, 0.395519, 0.509323597], [0.597698629, 0.764353096, 0.68237865, 0.757814884], [0.470640063, 0.641165197, 0.559730172, 0.647266388], [0.559607685, 0.730559945, 0.38909474, 0.492910892], [0.204980314, 0.314033091, 0.599061787, 0.638937771], [0.383639067, 0.474405259, 0.417678833, 0.456289351], [0.653081775, 0.745519519, 0.554781377, 0.594807446], [0.402508616, 0.509889722, 0.707175851, 0.747761965], [0.193729207, 0.303305417, 0.81463027, 0.855389476], [0.275084794, 0.384235889, 0.541624904, 0.581382871]], "ids": ["8013721229812826112", "8013721229812826112", "8013721229812826112", "8013721229812826112", "8013721229812826112", "5830319835468267520", "5830319835468267520", "5830319835468267520", "5830319835468267520", "5830319835468267520", "5830319835468267520"], "confidences": [0.999795139, 0.99963367, 0.999544084, 0.999233603, 0.998895109, 0.998765349, 0.998526931, 0.997866809, 0.997606516, 0.996369958, 0.995938778], "displayNames": ["Entity", "Entity", "Entity", "Entity", "Entity", "Relationship", "Relationship", "Relationship", "Relationship", "Relationship", "Relationship"]}