{"bboxes": [[0.2450798, 0.372514635, 0.409993887, 0.477846086], [0.245658338, 0.372036815, 0.557991862, 0.625970721], [0.612886786, 0.740480661, 0.511862278, 0.596068144], [0.616684616, 0.74314177, 0.408829272, 0.477361977], [0.469526768, 0.535437703, 0.552684903, 0.579250813], [0.644113243, 0.710406125, 0.616290212, 0.64314115], [0.431677878, 0.561284602, 0.642374754, 0.727548122], [0.542541921, 0.608501494, 0.475624, 0.501639903], [0.274616808, 0.341811448, 0.501267254, 0.528608], [0.585464835, 0.652060568, 0.727844238, 0.754774094], [0.455173314, 0.523813546, 0.407963604, 0.435322076], [0.201176107, 0.252586573, 0.503711402, 0.525321066]], "displayNames": ["Entity", "Entity", "Entity", "Entity", "Relationship", "Relationship", "Entity", "Relationship", "Relationship", "Relationship", "Relationship", "Attribute"], "confidences": [0.999963641, 0.999933243, 0.999770701, 0.999450505, 0.999277651, 0.998921871, 0.998706818, 0.997974, 0.997907281, 0.995746315, 0.992574453, 0.919490933], "ids": ["8013721229812826112", "8013721229812826112", "8013721229812826112", "8013721229812826112", "5830319835468267520", "5830319835468267520", "8013721229812826112", "5830319835468267520", "5830319835468267520", "5830319835468267520", "5830319835468267520", "1656608880802660352"]}