{"confidences": [0.999943376, 0.999906421, 0.999884963, 0.999871373, 0.999840379, 0.999765, 0.999663711, 0.999646187, 0.999498, 0.998649895, 0.997638702, 0.987662792], "displayNames": ["Relationship", "Entity", "Entity", "Relationship", "Relationship", "Relationship", "Entity", "Entity", "Entity", "Relationship", "Relationship", "Relationship"], "ids": ["5830319835468267520", "8013721229812826112", "8013721229812826112", "5830319835468267520", "5830319835468267520", "5830319835468267520", "8013721229812826112", "8013721229812826112", "8013721229812826112", "5830319835468267520", "5830319835468267520", "5830319835468267520"], "bboxes": [[0.238849863, 0.310911208, 0.451279581, 0.489311576], [0.592933655, 0.67710954, 0.520275176, 0.588307083], [0.316492081, 0.395822912, 0.520545721, 0.586852789], [0.385863394, 0.45452708, 0.599489748, 0.624328554], [0.384665519, 0.452796608, 0.483571112, 0.514105], [0.132417098, 0.191446081, 0.55522877, 0.59319061], [0.189932689, 0.268370599, 0.519384384, 0.588102], [0.451090127, 0.529808104, 0.520645857, 0.588022232], [0.745691597, 0.828071, 0.518037915, 0.588351607], [0.695815086, 0.749625087, 0.592543602, 0.618320584], [0.681813, 0.736626923, 0.477478623, 0.503564477], [0.541229904, 0.582382679, 0.526471, 0.5527035]]}