{"confidences": [0.999898434, 0.999832869, 0.999802649, 0.999776781, 0.999539614, 0.998329937, 0.996810734, 0.99627614, 0.995781422, 0.958294153, 0.958107889], "bboxes": [[0.318552196, 0.395635635, 0.520132065, 0.587292194], [0.452746272, 0.529408455, 0.521214, 0.587391257], [0.595834672, 0.674406648, 0.521870136, 0.589491367], [0.193262085, 0.268362761, 0.519428432, 0.587922871], [0.746917427, 0.826881289, 0.519563496, 0.588466585], [0.387005121, 0.453395307, 0.483834267, 0.514325261], [0.136569694, 0.189937696, 0.556610823, 0.5934726], [0.241614, 0.311982423, 0.451085776, 0.48920849], [0.386469424, 0.453677744, 0.600519359, 0.624275863], [0.699159145, 0.749255776, 0.59248507, 0.617407322], [0.681687117, 0.733643413, 0.478718, 0.504174829]], "displayNames": ["Entity", "Entity", "Entity", "Entity", "Entity", "Relationship", "Relationship", "Relationship", "Relationship", "Relationship", "Relationship"], "ids": ["8013721229812826112", "8013721229812826112", "8013721229812826112", "8013721229812826112", "8013721229812826112", "5830319835468267520", "5830319835468267520", "5830319835468267520", "5830319835468267520", "5830319835468267520", "5830319835468267520"]}