{"displayNames": ["Entity", "Entity", "Relationship", "Entity", "Relationship", "Entity", "Relationship", "Relationship", "Relationship", "Relationship", "Entity", "Attribute"], "bboxes": [[0.541460931, 0.688891649, 0.473941743, 0.554797828], [0.228681326, 0.376497537, 0.638206422, 0.719094455], [0.550709844, 0.64128679, 0.815726817, 0.850050628], [0.229164094, 0.375135511, 0.473282337, 0.566834569], [0.163977608, 0.258702785, 0.572975, 0.606797636], [0.557238758, 0.707646787, 0.647386, 0.722924173], [0.415619463, 0.510437548, 0.60130775, 0.635255337], [0.405587941, 0.501681685, 0.481346667, 0.51691395], [0.719085276, 0.8151384, 0.726418, 0.7614187], [0.670048356, 0.762378395, 0.560791135, 0.59500134], [0.396080256, 0.544716656, 0.717955768, 0.81120342], [0.501726449, 0.564719677, 0.578140199, 0.601528]], "ids": ["8013721229812826112", "8013721229812826112", "5830319835468267520", "8013721229812826112", "5830319835468267520", "8013721229812826112", "5830319835468267520", "5830319835468267520", "5830319835468267520", "5830319835468267520", "8013721229812826112", "1656608880802660352"], "confidences": [0.9997105, 0.999377668, 0.999190867, 0.999044836, 0.998898745, 0.998838603, 0.998310089, 0.998152196, 0.99753052, 0.997505605, 0.997120798, 0.900426269]}