{"bboxes": [[0.512785673, 0.651570797, 0.517116964, 0.599452794], [0.527142704, 0.619141042, 0.415721327, 0.449715346], [0.681007504, 0.876786172, 0.40024817, 0.473273396], [0.526985466, 0.617566407, 0.46397692, 0.497064054], [0.24966228, 0.441381067, 0.614759266, 0.680993], [0.691479146, 0.832549334, 0.661980391, 0.745828748], [0.882911801, 0.974104881, 0.668100059, 0.700532854], [0.889444172, 0.981387913, 0.528012276, 0.562703], [0.584530354, 0.67471838, 0.608515, 0.641816139], [0.536287844, 0.624203622, 0.649725795, 0.68366611], [0.150916547, 0.243830621, 0.511196196, 0.545869052], [0.261040539, 0.458544821, 0.379281521, 0.486513913]], "ids": ["8013721229812826112", "5830319835468267520", "8013721229812826112", "5830319835468267520", "8013721229812826112", "8013721229812826112", "5830319835468267520", "5830319835468267520", "5830319835468267520", "5830319835468267520", "5830319835468267520", "8013721229812826112"], "confidences": [0.999833226, 0.999794304, 0.999661446, 0.999580562, 0.999512792, 0.99934262, 0.998497963, 0.99718374, 0.997024834, 0.997011065, 0.99694103, 0.993632376], "displayNames": ["Entity", "Relationship", "Entity", "Relationship", "Entity", "Entity", "Relationship", "Relationship", "Relationship", "Relationship", "Relationship", "Entity"]}