{"ids": ["8013721229812826112", "8013721229812826112", "8013721229812826112", "8013721229812826112", "8013721229812826112", "5830319835468267520", "5830319835468267520", "5830319835468267520", "5830319835468267520", "5830319835468267520", "5830319835468267520", "5830319835468267520"], "bboxes": [[0.510013223, 0.627039313, 0.528956771, 0.598898649], [0.395252734, 0.507736146, 0.386119127, 0.45848012], [0.275492728, 0.389983, 0.527240574, 0.586536229], [0.63218, 0.744880557, 0.385181665, 0.444215953], [0.157859221, 0.270546734, 0.383550018, 0.444837], [0.294044048, 0.371280253, 0.385338634, 0.413789481], [0.31314683, 0.388759166, 0.479446143, 0.505661], [0.62569, 0.699836, 0.619176149, 0.647516251], [0.277296811, 0.350686461, 0.438166618, 0.466569781], [0.750296593, 0.825522125, 0.452872574, 0.479985535], [0.529717, 0.603981793, 0.385725111, 0.414232284], [0.586086571, 0.663081, 0.478023171, 0.50670445]], "displayNames": ["Entity", "Entity", "Entity", "Entity", "Entity", "Relationship", "Relationship", "Relationship", "Relationship", "Relationship", "Relationship", "Relationship"], "confidences": [0.999924421, 0.999907136, 0.999878049, 0.999628305, 0.999123633, 0.998720169, 0.998134077, 0.997837722, 0.997223377, 0.994431198, 0.993535519, 0.987513125]}