{"confidences": [0.999667406, 0.999629259, 0.999619961, 0.999553382, 0.999550879, 0.999503851, 0.999472439, 0.999375761, 0.999363244, 0.999350727, 0.999093056, 0.998895407, 0.998870432, 0.998536825], "displayNames": ["Relationship", "Relationship", "Relationship", "Relationship", "Entity", "Relationship", "Attribute", "Entity", "Entity", "Attribute", "Relationship", "Entity", "Attribute", "Entity"], "ids": ["5830319835468267520", "5830319835468267520", "5830319835468267520", "5830319835468267520", "8013721229812826112", "5830319835468267520", "1656608880802660352", "8013721229812826112", "8013721229812826112", "1656608880802660352", "5830319835468267520", "8013721229812826112", "1656608880802660352", "8013721229812826112"], "bboxes": [[0.538438141, 0.665898383, 0.136015266, 0.181032926], [0.64015305, 0.770125091, 0.456786811, 0.502453387], [0.208809331, 0.336569637, 0.705307543, 0.7513358], [0.196755379, 0.326005965, 0.245595023, 0.290811062], [0.154648125, 0.348495275, 0.0829515085, 0.198298961], [0.207427725, 0.334503353, 0.478410363, 0.524189], [0.394438148, 0.499751478, 0.464053392, 0.494054496], [0.565273106, 0.759379447, 0.272584468, 0.395571738], [0.174671531, 0.365444094, 0.566636264, 0.68098551], [0.477078319, 0.582007229, 0.0844452456, 0.1147907], [0.456100255, 0.581273079, 0.57694447, 0.624038], [0.213630229, 0.433114231, 0.323404402, 0.444980174], [0.63040334, 0.738444626, 0.0921670422, 0.122921281], [0.649560273, 0.844490528, 0.550289273, 0.67105329]]}