{"bboxes": [[0.643659413, 0.767917, 0.456391811, 0.503254533], [0.177063435, 0.36798653, 0.567569613, 0.679951787], [0.21762681, 0.432023019, 0.324582338, 0.445874214], [0.568323612, 0.759716153, 0.273951977, 0.394153029], [0.198754534, 0.327533692, 0.245759457, 0.290507644], [0.458727419, 0.578337848, 0.578045189, 0.624295533], [0.649626136, 0.8454597, 0.549433589, 0.67361], [0.209249735, 0.335913301, 0.705097, 0.751338661], [0.537150264, 0.666572452, 0.134887174, 0.180804029], [0.207278684, 0.336560935, 0.479932934, 0.523643], [0.156099036, 0.350380361, 0.0840129852, 0.195777029], [0.478482962, 0.580787599, 0.084883526, 0.115505442], [0.630792797, 0.735476077, 0.0925344676, 0.122603178], [0.395234346, 0.498063892, 0.464654565, 0.494989574]], "displayNames": ["Relationship", "Entity", "Entity", "Entity", "Relationship", "Relationship", "Entity", "Relationship", "Relationship", "Relationship", "Entity", "Attribute", "Attribute", "Attribute"], "confidences": [0.999126375, 0.99883157, 0.998671532, 0.998533368, 0.997754514, 0.997585893, 0.997573435, 0.997204721, 0.996876597, 0.996251047, 0.995995045, 0.995195329, 0.994234622, 0.99249661], "ids": ["5830319835468267520", "8013721229812826112", "8013721229812826112", "8013721229812826112", "5830319835468267520", "5830319835468267520", "8013721229812826112", "5830319835468267520", "5830319835468267520", "5830319835468267520", "8013721229812826112", "1656608880802660352", "1656608880802660352", "1656608880802660352"]}