{"confidences": [0.99992, 0.999910951, 0.999910474, 0.999907, 0.999876, 0.999855042, 0.999837875, 0.999806106, 0.999786794, 0.999760568, 0.999462664, 0.998824894], "displayNames": ["Entity", "Relationship", "Entity", "Entity", "Relationship", "Entity", "Relationship", "Relationship", "Relationship", "Relationship", "Relationship", "Entity"], "ids": ["8013721229812826112", "5830319835468267520", "8013721229812826112", "8013721229812826112", "5830319835468267520", "8013721229812826112", "5830319835468267520", "5830319835468267520", "5830319835468267520", "5830319835468267520", "5830319835468267520", "8013721229812826112"], "bboxes": [[0.289856821, 0.423468918, 0.551162481, 0.64645505], [0.784451962, 0.851339042, 0.405548751, 0.447652698], [0.646638513, 0.781915665, 0.455629796, 0.551477611], [0.480931669, 0.614047825, 0.45525068, 0.550111353], [0.485441446, 0.549714923, 0.79415226, 0.838278651], [0.656784296, 0.790496409, 0.689830959, 0.785383761], [0.324954331, 0.387067616, 0.502573252, 0.546926856], [0.694673061, 0.761179268, 0.596642256, 0.639597654], [0.148687959, 0.22389254, 0.722400904, 0.775274038], [0.276295155, 0.341283023, 0.481372178, 0.523108423], [0.607175231, 0.673021495, 0.594696462, 0.635716856], [0.287400365, 0.426610082, 0.688217819, 0.786371529]]}