{"displayNames": ["Relationship", "Entity", "Entity", "Relationship", "Entity", "Entity", "Relationship", "Relationship", "Entity", "Relationship", "Relationship", "Relationship"], "ids": ["5830319835468267520", "8013721229812826112", "8013721229812826112", "5830319835468267520", "8013721229812826112", "8013721229812826112", "5830319835468267520", "5830319835468267520", "8013721229812826112", "5830319835468267520", "5830319835468267520", "5830319835468267520"], "bboxes": [[0.323361158, 0.387837648, 0.504341602, 0.547079682], [0.482898563, 0.618271172, 0.455764085, 0.552535534], [0.290339708, 0.424476951, 0.5515396, 0.645708144], [0.150838286, 0.223412976, 0.723264337, 0.776026726], [0.289136887, 0.428257704, 0.691177249, 0.785875201], [0.648673415, 0.784230471, 0.455555081, 0.55203104], [0.27836138, 0.342787087, 0.482212782, 0.524166703], [0.48586762, 0.548859775, 0.796130717, 0.839047134], [0.659058273, 0.792687416, 0.69067806, 0.785788834], [0.608405709, 0.674384713, 0.595349967, 0.636558592], [0.785553873, 0.849712551, 0.405480236, 0.448467284], [0.695780456, 0.760320842, 0.597346187, 0.640709519]], "confidences": [0.999874234, 0.999730289, 0.999568641, 0.999539137, 0.999438584, 0.999387503, 0.999386549, 0.99888736, 0.998793602, 0.998627424, 0.99853003, 0.996684611]}