{"ids": ["5830319835468267520", "8013721229812826112", "5830319835468267520", "5830319835468267520", "8013721229812826112", "5830319835468267520", "8013721229812826112", "8013721229812826112", "5830319835468267520", "5830319835468267520", "5830319835468267520", "5830319835468267520", "1656608880802660352", "1656608880802660352"], "bboxes": [[0.567890644, 0.678892851, 0.559901655, 0.63861], [0.528427899, 0.69859463, 0.67185086, 0.847287714], [0.374755144, 0.490634322, 0.329075903, 0.407671064], [0.179517731, 0.28927651, 0.249609977, 0.322870374], [0.186362863, 0.354884863, 0.0416023, 0.169110909], [0.568211138, 0.677988, 0.901118875, 0.976697087], [0.529158354, 0.697446346, 0.379669636, 0.531986535], [0.177793294, 0.346066386, 0.366308212, 0.531022906], [0.37862128, 0.48829031, 0.213821173, 0.285847753], [0.720418751, 0.82932657, 0.406172067, 0.480354846], [0.565868199, 0.677342, 0.272053748, 0.345905364], [0.388037533, 0.477741688, 0.0897110254, 0.153460518], [0.387025833, 0.456832528, 0.162796468, 0.204164073], [0.718477309, 0.812154114, 0.28406167, 0.334493756]], "confidences": [0.999664307, 0.999501348, 0.9993819, 0.999343812, 0.9992975, 0.999176204, 0.999078035, 0.998990715, 0.998817623, 0.99875319, 0.997907758, 0.996591926, 0.990290821, 0.985854208], "displayNames": ["Relationship", "Entity", "Relationship", "Relationship", "Entity", "Relationship", "Entity", "Entity", "Relationship", "Relationship", "Relationship", "Relationship", "Attribute", "Attribute"]}