{"displayNames": ["Entity", "Entity", "Entity", "Entity", "Entity", "Relationship", "Relationship", "Relationship", "Relationship", "Relationship", "Relationship", "Relationship"], "ids": ["8013721229812826112", "8013721229812826112", "8013721229812826112", "8013721229812826112", "8013721229812826112", "5830319835468267520", "5830319835468267520", "5830319835468267520", "5830319835468267520", "5830319835468267520", "5830319835468267520", "5830319835468267520"], "bboxes": [[0.221201137, 0.3191531, 0.358567625, 0.421648413], [0.737687, 0.833757699, 0.356522441, 0.411163926], [0.462279558, 0.560293078, 0.361929893, 0.418745041], [0.121125042, 0.215560243, 0.269553363, 0.320464313], [0.297280729, 0.396242648, 0.230130136, 0.2873016], [0.358970731, 0.421647131, 0.366310269, 0.392217189], [0.611143351, 0.675978601, 0.374722362, 0.400528908], [0.331995368, 0.39476189, 0.309277773, 0.335048079], [0.475511342, 0.559325, 0.44391802, 0.470791548], [0.272963762, 0.337424546, 0.293852717, 0.319901496], [0.147088811, 0.209455475, 0.355360031, 0.380920291], [0.748787165, 0.844168246, 0.448103517, 0.475283474]], "confidences": [0.999934793, 0.999684572, 0.999591529, 0.99928087, 0.999127, 0.997784793, 0.997576892, 0.99737072, 0.997291148, 0.995353222, 0.99161011, 0.971413612]}