{"confidences": [0.999952078, 0.999916673, 0.999893904, 0.999885082, 0.999866366, 0.999861956, 0.999832511, 0.99978894, 0.999728382, 0.999720156, 0.999407291, 0.99674511], "displayNames": ["Relationship", "Relationship", "Relationship", "Entity", "Relationship", "Relationship", "Relationship", "Relationship", "Entity", "Entity", "Entity", "Entity"], "ids": ["5830319835468267520", "5830319835468267520", "5830319835468267520", "8013721229812826112", "5830319835468267520", "5830319835468267520", "5830319835468267520", "5830319835468267520", "8013721229812826112", "8013721229812826112", "8013721229812826112", "8013721229812826112"], "bboxes": [[0.359782517, 0.422762752, 0.366671115, 0.392332107], [0.612188339, 0.676604033, 0.375338405, 0.400542289], [0.146092817, 0.210914433, 0.355111301, 0.380265415], [0.221776232, 0.317112297, 0.359428555, 0.420387715], [0.331858218, 0.395131558, 0.309389859, 0.334695607], [0.475186944, 0.561630189, 0.443357319, 0.469224662], [0.273794055, 0.33701846, 0.293495148, 0.319715172], [0.7452842, 0.84637773, 0.448116452, 0.474012285], [0.738267481, 0.8345927, 0.354652017, 0.409805328], [0.119913079, 0.216984168, 0.267837018, 0.321122497], [0.463603467, 0.558838665, 0.364329249, 0.417195052], [0.299603969, 0.396630257, 0.231678754, 0.286398858]]}