{"displayNames": ["Entity", "Entity", "Entity", "Entity", "Entity", "Relationship", "Relationship", "Relationship", "Relationship", "Relationship"], "confidences": [0.999784529, 0.999779046, 0.999746263, 0.999531627, 0.999492407, 0.999142766, 0.998479903, 0.996109068, 0.995293915, 0.990710437], "bboxes": [[0.807330191, 0.951534569, 0.558644891, 0.641677737], [0.157531127, 0.316265881, 0.563022554, 0.641542], [0.332663387, 0.468059391, 0.713544667, 0.789460242], [0.559508681, 0.692010641, 0.713178158, 0.807332516], [0.480935216, 0.648178279, 0.549668789, 0.653414488], [0.611596882, 0.683906555, 0.823332727, 0.857046545], [0.693788826, 0.773491442, 0.592371225, 0.625149369], [0.351419151, 0.447472125, 0.591024637, 0.624899387], [0.745215476, 0.814548552, 0.670446873, 0.696170807], [0.204442829, 0.318112195, 0.687111616, 0.716402531]], "ids": ["8013721229812826112", "8013721229812826112", "8013721229812826112", "8013721229812826112", "8013721229812826112", "5830319835468267520", "5830319835468267520", "5830319835468267520", "5830319835468267520", "5830319835468267520"]}