{"confidences": [0.999902129, 0.999845743, 0.999793708, 0.999672055, 0.999645472, 0.999623656, 0.999601066, 0.999573767, 0.999431431, 0.99926132], "displayNames": ["Relationship", "Relationship", "Relationship", "Entity", "Relationship", "Entity", "Relationship", "Entity", "Entity", "Entity"], "ids": ["5830319835468267520", "5830319835468267520", "5830319835468267520", "8013721229812826112", "5830319835468267520", "8013721229812826112", "5830319835468267520", "8013721229812826112", "8013721229812826112", "8013721229812826112"], "bboxes": [[0.745756686, 0.815819442, 0.668612301, 0.696058], [0.693421125, 0.772426605, 0.591096222, 0.624448121], [0.203577846, 0.317686826, 0.685402036, 0.714829683], [0.156160265, 0.317100763, 0.560833514, 0.642645776], [0.612463713, 0.686816096, 0.82396853, 0.856800199], [0.805538297, 0.946008325, 0.555590153, 0.641151905], [0.350656271, 0.445581973, 0.591166198, 0.624940336], [0.481724411, 0.646303713, 0.549348652, 0.653349817], [0.331079513, 0.465528816, 0.711459041, 0.789521575], [0.554012597, 0.693960369, 0.710751593, 0.808705747]]}