{"ids": ["8013721229812826112", "8013721229812826112", "5830319835468267520", "5830319835468267520", "8013721229812826112", "5830319835468267520", "5830319835468267520", "8013721229812826112", "5830319835468267520", "5830319835468267520", "5830319835468267520", "8013721229812826112"], "displayNames": ["Entity", "Entity", "Relationship", "Relationship", "Entity", "Relationship", "Relationship", "Entity", "Relationship", "Relationship", "Relationship", "Entity"], "bboxes": [[0.734972239, 0.92877388, 0.238764733, 0.471928835], [0.088374421, 0.299286604, 0.627820313, 0.858529329], [0.179652631, 0.294410467, 0.294216394, 0.388718635], [0.75955981, 0.879492342, 0.513697684, 0.614120662], [0.0630135462, 0.301585108, 0.0444637835, 0.230864763], [0.533873796, 0.650994778, 0.869695127, 0.963577], [0.356565893, 0.485678852, 0.646920621, 0.758898258], [0.362731904, 0.575775206, 0.295807, 0.579093516], [0.572591424, 0.699284673, 0.126692832, 0.223794505], [0.052194044, 0.181071267, 0.376586169, 0.48895067], [0.850792229, 0.952134192, 0.0717097595, 0.150662], [0.692815304, 0.905551553, 0.700583577, 0.991574705]], "confidences": [0.999813735, 0.999703109, 0.999494672, 0.999399424, 0.999330521, 0.999315262, 0.999255, 0.99922657, 0.999224544, 0.998863339, 0.99797219, 0.997249067]}