{"ids": ["8013721229812826112", "5830319835468267520", "5830319835468267520", "8013721229812826112", "5830319835468267520", "5830319835468267520", "5830319835468267520", "5830319835468267520", "8013721229812826112", "5830319835468267520", "8013721229812826112", "8013721229812826112"], "bboxes": [[0.591083467, 0.888991594, 0.254543483, 0.393024862], [0.164062873, 0.30924055, 0.138950109, 0.193167984], [0.371498078, 0.516922653, 0.337819397, 0.39263463], [0.0168191697, 0.315206587, 0.22627002, 0.337814391], [0.0173306912, 0.162016764, 0.139275193, 0.193378299], [0.322527766, 0.463447124, 0.589117229, 0.643901765], [0.679813206, 0.826768756, 0.16736941, 0.223402932], [0.539947093, 0.683899581, 0.45862937, 0.515113652], [0.597013772, 0.900544107, 0.00536371768, 0.150505438], [0.386567384, 0.531971455, 0.0665888712, 0.124185584], [0.0204257313, 0.320907682, 0.365659267, 0.5426687], [0.0337619521, 0.330446362, 0.00224478543, 0.111071512]], "displayNames": ["Entity", "Relationship", "Relationship", "Entity", "Relationship", "Relationship", "Relationship", "Relationship", "Entity", "Relationship", "Entity", "Entity"], "confidences": [0.999842405, 0.999596059, 0.999480784, 0.99945575, 0.999301791, 0.999210238, 0.999192059, 0.999175131, 0.999093771, 0.999020338, 0.998451591, 0.997000515]}