{"confidences": [0.999937534, 0.999926, 0.999872088, 0.999841, 0.999790847, 0.99977392, 0.999772251, 0.999763072, 0.999680877, 0.999676466, 0.999667764, 0.999500513], "displayNames": ["Relationship", "Entity", "Relationship", "Relationship", "Relationship", "Entity", "Relationship", "Relationship", "Entity", "Relationship", "Entity", "Entity"], "ids": ["5830319835468267520", "8013721229812826112", "5830319835468267520", "5830319835468267520", "5830319835468267520", "8013721229812826112", "5830319835468267520", "5830319835468267520", "8013721229812826112", "5830319835468267520", "8013721229812826112", "8013721229812826112"], "bboxes": [[0.677993715, 0.82662183, 0.167574048, 0.222911924], [0.589199185, 0.887563705, 0.249100357, 0.393042833], [0.386104554, 0.531418562, 0.0660012737, 0.123654984], [0.163898289, 0.308576614, 0.139333457, 0.192308605], [0.3216286, 0.466803133, 0.587301433, 0.643347204], [0.0144949816, 0.318902194, 0.223570958, 0.337459713], [0.0160043668, 0.159271851, 0.139637366, 0.192666605], [0.369899303, 0.51789391, 0.335966885, 0.392003], [0.0242510773, 0.334061384, 0.0050139986, 0.11088571], [0.538821578, 0.683135748, 0.455990463, 0.514281631], [0.595623195, 0.894863844, 0.00371786207, 0.147989422], [0.0212982316, 0.325476736, 0.362433165, 0.538731098]]}