{"displayNames": ["Entity", "Entity", "WeakRelationship", "Entity", "WeakRelationship", "Relationship", "WeakRelationship", "WeakRelationship", "WeakRelationship", "Relationship", "Attribute", "Attribute"], "bboxes": [[0.430938542, 0.651264369, 0.453869313, 0.592827618], [0.739917517, 0.95754081, 0.260544509, 0.41138646], [0.252491415, 0.377360642, 0.21238476, 0.259488046], [0.111891583, 0.33445245, 0.0334309489, 0.182656646], [0.430357695, 0.530808449, 0.296023846, 0.374624193], [0.0459814183, 0.248360202, 0.52724278, 0.629143119], [0.52318573, 0.671864092, 0.26930064, 0.328172028], [0.107194059, 0.205928862, 0.258727491, 0.305471241], [0.523888111, 0.602896, 0.0621655211, 0.106196798], [0.741872847, 0.85754472, 0.42760691, 0.474046797], [0.0283177383, 0.19116497, 0.654230237, 0.69181776], [0.218307078, 0.375917315, 0.635411501, 0.673659921]], "ids": ["8013721229812826112", "8013721229812826112", "6169160731846508544", "8013721229812826112", "6169160731846508544", "5830319835468267520", "6169160731846508544", "6169160731846508544", "6169160731846508544", "5830319835468267520", "1656608880802660352", "1656608880802660352"], "confidences": [0.99972266, 0.999219894, 0.998956919, 0.998756289, 0.998634279, 0.998108149, 0.99806577, 0.997598708, 0.995512545, 0.995382369, 0.984890282, 0.968422771]}