{"confidences": [0.999941111, 0.999869466, 0.999857545, 0.999850869, 0.999827862, 0.999812543, 0.99978739, 0.999665141, 0.999646783, 0.999522567, 0.999356925, 0.999240518, 0.998583317, 0.998571515], "displayNames": ["Relationship", "Entity", "Relationship", "Relationship", "Entity", "Relationship", "Relationship", "Relationship", "Entity", "Entity", "Entity", "Attribute", "Attribute", "Relationship"], "ids": ["5830319835468267520", "8013721229812826112", "5830319835468267520", "5830319835468267520", "8013721229812826112", "5830319835468267520", "5830319835468267520", "5830319835468267520", "8013721229812826112", "8013721229812826112", "8013721229812826112", "1656608880802660352", "1656608880802660352", "5830319835468267520"], "bboxes": [[0.112221964, 0.206712544, 0.258096039, 0.304613769], [0.118224815, 0.336996168, 0.0335996449, 0.184305638], [0.257334977, 0.376745105, 0.212337047, 0.259186208], [0.528093874, 0.673043668, 0.271280408, 0.328202486], [0.432352602, 0.651788354, 0.449958056, 0.594202399], [0.43473646, 0.530247211, 0.300082624, 0.372264683], [0.528509676, 0.601194322, 0.0632814318, 0.104819492], [0.739574373, 0.859012067, 0.426248193, 0.47368449], [0.153241053, 0.387007356, 0.33741194, 0.500488937], [0.613536954, 0.818407655, 0.0569108948, 0.206353098], [0.738658, 0.955625236, 0.258730918, 0.408447], [0.0315282121, 0.190040082, 0.653755784, 0.690449119], [0.221320987, 0.376698196, 0.635843098, 0.672182381], [0.0449764021, 0.24849315, 0.525147676, 0.626347423]]}