{"confidences": [0.999451101, 0.99923265, 0.998999774, 0.998998582, 0.998762965, 0.998423576, 0.998225391, 0.998165667, 0.997325182, 0.997081101, 0.997009, 0.996031106, 0.995954275, 0.993823886], "displayNames": ["Entity", "Relationship", "Entity", "Relationship", "Entity", "Entity", "Relationship", "Relationship", "Relationship", "Relationship", "Entity", "Entity", "Relationship", "Attribute"], "ids": ["8013721229812826112", "5830319835468267520", "8013721229812826112", "5830319835468267520", "8013721229812826112", "8013721229812826112", "5830319835468267520", "5830319835468267520", "5830319835468267520", "5830319835468267520", "8013721229812826112", "8013721229812826112", "5830319835468267520", "1656608880802660352"], "bboxes": [[0.602449179, 0.757222474, 0.114950895, 0.203934252], [0.417346179, 0.538444042, 0.283197254, 0.331612557], [0.115793012, 0.304822147, 0.326129854, 0.454603851], [0.419056416, 0.538252, 0.344595253, 0.393850207], [0.143757746, 0.32702595, 0.581210732, 0.699564219], [0.692560554, 0.88017118, 0.259181768, 0.366337329], [0.149482086, 0.27058056, 0.253444165, 0.300492197], [0.378170609, 0.498877466, 0.160068572, 0.2086519], [0.497790784, 0.617750168, 0.500136495, 0.5480299], [0.378907651, 0.498750776, 0.0917063355, 0.139968812], [0.125948176, 0.311458737, 0.101676412, 0.228384644], [0.70290941, 0.889975965, 0.405240357, 0.527673], [0.548699498, 0.668036, 0.377549261, 0.424389452], [0.375800222, 0.457499683, 0.406618953, 0.438773692]]}