{"confidences": [0.999724567, 0.999511361, 0.998682916, 0.998672128, 0.998136878, 0.997850537, 0.997844815, 0.997656822, 0.997338831, 0.996793926, 0.99556917, 0.995301604, 0.992679119, 0.988665581, 0.988408387], "displayNames": ["Entity", "Entity", "Relationship", "Relationship", "Entity", "Relationship", "Relationship", "Relationship", "Relationship", "Entity", "Attribute", "Entity", "Attribute", "Attribute", "Attribute"], "bboxes": [[0.18718347, 0.381680191, 0.407967865, 0.465233088], [0.37770015, 0.573374927, 0.242023557, 0.314214498], [0.33334893, 0.405158252, 0.344168752, 0.388459712], [0.275289804, 0.337732822, 0.661652923, 0.70735383], [0.545142829, 0.747226417, 0.558515072, 0.649145246], [0.567773461, 0.629703283, 0.32114926, 0.369049579], [0.724054933, 0.786124587, 0.49541527, 0.540522277], [0.433454841, 0.497611582, 0.405709535, 0.451681107], [0.450352401, 0.512216866, 0.563723683, 0.610748887], [0.538364649, 0.738061249, 0.380418718, 0.477642], [0.609456, 0.679294109, 0.503507435, 0.531510055], [0.212592423, 0.406096399, 0.550382137, 0.646237731], [0.265714884, 0.326915115, 0.311359316, 0.338858157], [0.23439844, 0.299052358, 0.354466528, 0.382808894], [0.387087762, 0.457600176, 0.473409265, 0.502086878]], "ids": ["8013721229812826112", "8013721229812826112", "5830319835468267520", "5830319835468267520", "8013721229812826112", "5830319835468267520", "5830319835468267520", "5830319835468267520", "5830319835468267520", "8013721229812826112", "1656608880802660352", "8013721229812826112", "1656608880802660352", "1656608880802660352", "1656608880802660352"]}