{"bboxes": [[0.391622961, 0.542748451, 0.481436312, 0.574885428], [0.602582812, 0.756903887, 0.318470895, 0.409699738], [0.609133363, 0.756335378, 0.150729284, 0.235861495], [0.239542961, 0.397008747, 0.289994061, 0.383579493], [0.272878557, 0.375615299, 0.430334926, 0.469034433], [0.629414916, 0.730776787, 0.267042398, 0.305161297], [0.43917346, 0.540785909, 0.311250806, 0.34989202], [0.454289913, 0.557419658, 0.400891244, 0.439625859], [0.468740523, 0.569352806, 0.195050493, 0.232730165], [0.258808, 0.430499166, 0.147994, 0.27174747], [0.637949705, 0.737787664, 0.101957798, 0.139200076], [0.153477713, 0.242820278, 0.119607806, 0.146243811]], "displayNames": ["Entity", "Entity", "Entity", "Entity", "Relationship", "Relationship", "Relationship", "Relationship", "Relationship", "Entity", "Relationship", "Attribute"], "confidences": [0.999840498, 0.999748766, 0.99972862, 0.999302506, 0.998046756, 0.996505141, 0.996084571, 0.995797038, 0.995399058, 0.995055676, 0.994530499, 0.938569129], "ids": ["8013721229812826112", "8013721229812826112", "8013721229812826112", "8013721229812826112", "5830319835468267520", "5830319835468267520", "5830319835468267520", "5830319835468267520", "5830319835468267520", "8013721229812826112", "5830319835468267520", "1656608880802660352"]}