{"confidences": [0.999965906, 0.999947429, 0.999898791, 0.999861956, 0.999838471, 0.999828, 0.999807894, 0.999734819, 0.999601901, 0.999490857, 0.99849546, 0.998035], "displayNames": ["Relationship", "Entity", "Relationship", "Relationship", "Entity", "Relationship", "Entity", "Entity", "Relationship", "Entity", "Relationship", "Attribute"], "ids": ["5830319835468267520", "8013721229812826112", "5830319835468267520", "5830319835468267520", "8013721229812826112", "5830319835468267520", "8013721229812826112", "8013721229812826112", "5830319835468267520", "8013721229812826112", "5830319835468267520", "1656608880802660352"], "bboxes": [[0.627327561, 0.731531501, 0.268143862, 0.305290788], [0.608301938, 0.752489209, 0.150138706, 0.236246705], [0.271009743, 0.377287149, 0.431409776, 0.468542039], [0.452090949, 0.558673, 0.400447398, 0.438669235], [0.601508617, 0.757644355, 0.317563504, 0.410211593], [0.636691511, 0.73812604, 0.101545736, 0.139582992], [0.237340063, 0.395034403, 0.28739965, 0.383068085], [0.390506625, 0.53768903, 0.478613436, 0.577940762], [0.436457813, 0.54166615, 0.311552793, 0.349307626], [0.253708661, 0.427906424, 0.148152322, 0.272488981], [0.466952443, 0.570548415, 0.194354489, 0.232841328], [0.153743654, 0.240716293, 0.119600616, 0.144297034]]}