{"confidences": [0.999934554, 0.999931216, 0.999930501, 0.999753654, 0.999744713, 0.999721706, 0.999604762, 0.999330878, 0.999285758, 0.99859935, 0.997976363], "displayNames": ["Entity", "Entity", "Relationship", "Relationship", "Relationship", "Entity", "Relationship", "Entity", "Relationship", "Relationship", "Entity"], "ids": ["8013721229812826112", "8013721229812826112", "5830319835468267520", "5830319835468267520", "5830319835468267520", "8013721229812826112", "5830319835468267520", "8013721229812826112", "5830319835468267520", "5830319835468267520", "8013721229812826112"], "bboxes": [[0.179863796, 0.289637119, 0.348182768, 0.404614538], [0.591932952, 0.701727808, 0.36662516, 0.434082597], [0.268712461, 0.340635061, 0.260448188, 0.286577612], [0.684118152, 0.755830526, 0.189530194, 0.215246767], [0.611082077, 0.685748816, 0.306886971, 0.33330214], [0.56968224, 0.679444909, 0.111745127, 0.166898072], [0.652822316, 0.727053344, 0.457718104, 0.484306306], [0.42336154, 0.529742718, 0.180167064, 0.250144601], [0.535210371, 0.60780853, 0.19034645, 0.2143749], [0.333328754, 0.406570494, 0.188810363, 0.215718493], [0.155035153, 0.2635113, 0.089583531, 0.136648923]]}