{"bboxes": [[0.593939364, 0.70455271, 0.367133707, 0.435116321], [0.424688965, 0.532393634, 0.183836684, 0.25012213], [0.180481464, 0.289357245, 0.347338557, 0.405423105], [0.572720051, 0.680631757, 0.110231027, 0.168194488], [0.155528426, 0.263383418, 0.0894417763, 0.135266036], [0.65315038, 0.724861443, 0.458617508, 0.484245181], [0.267989427, 0.340414554, 0.261082083, 0.287139624], [0.334261984, 0.405731887, 0.189394832, 0.215768009], [0.612444401, 0.686344743, 0.306920499, 0.334165365], [0.683283329, 0.757555485, 0.189636946, 0.215831667], [0.538147926, 0.608135402, 0.188706517, 0.214828134]], "confidences": [0.99993813, 0.999815524, 0.999768436, 0.998506069, 0.996360242, 0.995578587, 0.99320364, 0.990768731, 0.986379921, 0.985946238, 0.974535108], "ids": ["8013721229812826112", "8013721229812826112", "8013721229812826112", "8013721229812826112", "8013721229812826112", "5830319835468267520", "5830319835468267520", "5830319835468267520", "5830319835468267520", "5830319835468267520", "5830319835468267520"], "displayNames": ["Entity", "Entity", "Entity", "Entity", "Entity", "Relationship", "Relationship", "Relationship", "Relationship", "Relationship", "Relationship"]}