{"ids": ["8013721229812826112", "8013721229812826112", "8013721229812826112", "8013721229812826112", "8013721229812826112", "5830319835468267520", "5830319835468267520", "5830319835468267520", "5830319835468267520", "5830319835468267520", "5830319835468267520", "5830319835468267520"], "displayNames": ["Entity", "Entity", "Entity", "Entity", "Entity", "Relationship", "Relationship", "Relationship", "Relationship", "Relationship", "Relationship", "Relationship"], "confidences": [0.999893069, 0.99978441, 0.999784291, 0.999628425, 0.999627948, 0.999572098, 0.999402523, 0.999373138, 0.999356806, 0.999261558, 0.999197304, 0.998267651], "bboxes": [[0.682127, 0.870321691, 0.137205482, 0.280168772], [0.117862247, 0.308107793, 0.144910544, 0.299755812], [0.701756299, 0.892315626, 0.46589148, 0.627871752], [0.260777295, 0.451245487, 0.675349176, 0.837278545], [0.398314834, 0.590742052, 0.356047958, 0.520022035], [0.232309416, 0.35428223, 0.38588196, 0.446643829], [0.141908228, 0.264473438, 0.523957431, 0.585767925], [0.746546745, 0.867242754, 0.694218397, 0.756323457], [0.734038532, 0.859118223, 0.355181932, 0.416415215], [0.456525236, 0.581976116, 0.564715683, 0.625229061], [0.530112088, 0.654913306, 0.245660603, 0.30722779], [0.715155184, 0.836918354, 0.0062401779, 0.0693583488]]}