{"confidences": [0.9999156, 0.999907613, 0.999899268, 0.999881148, 0.999837041, 0.999813497, 0.99980408, 0.999756038, 0.999725282, 0.999681473, 0.99962163, 0.999554813], "displayNames": ["Entity", "Entity", "Entity", "Entity", "Relationship", "Relationship", "Relationship", "Relationship", "Entity", "Relationship", "Relationship", "Relationship"], "ids": ["8013721229812826112", "8013721229812826112", "8013721229812826112", "8013721229812826112", "5830319835468267520", "5830319835468267520", "5830319835468267520", "5830319835468267520", "8013721229812826112", "5830319835468267520", "5830319835468267520", "5830319835468267520"], "bboxes": [[0.116791129, 0.306697339, 0.144236326, 0.299158782], [0.701315165, 0.891134, 0.464015871, 0.627861619], [0.68134582, 0.871123374, 0.133967087, 0.27853781], [0.398822546, 0.590801895, 0.353310585, 0.517693698], [0.230487481, 0.356147647, 0.383842, 0.447307289], [0.743196845, 0.869059682, 0.692060709, 0.755802512], [0.527274132, 0.655569077, 0.244735539, 0.307352066], [0.139363483, 0.265872598, 0.523131132, 0.584218621], [0.258973271, 0.44935897, 0.672952473, 0.835349858], [0.455492705, 0.584102511, 0.56445384, 0.624355793], [0.714905858, 0.838806868, 0.00650236, 0.0694376528], [0.731224179, 0.859940708, 0.35354498, 0.415580899]]}