{"confidences": [0.999945521, 0.999842525, 0.99982065, 0.999816477, 0.999801695, 0.999753654, 0.999681592, 0.999615312, 0.999487281, 0.999455273, 0.998502493, 0.998334706], "displayNames": ["Relationship", "Entity", "Relationship", "Relationship", "Relationship", "Relationship", "Relationship", "Entity", "Entity", "Relationship", "Entity", "Entity"], "ids": ["5830319835468267520", "8013721229812826112", "5830319835468267520", "5830319835468267520", "5830319835468267520", "5830319835468267520", "5830319835468267520", "8013721229812826112", "8013721229812826112", "5830319835468267520", "8013721229812826112", "8013721229812826112"], "bboxes": [[0.544017255, 0.618711293, 0.477801561, 0.521252334], [0.336239666, 0.503663898, 0.187111437, 0.259500444], [0.33717379, 0.448120445, 0.311967313, 0.355439186], [0.589036167, 0.64588052, 0.129205778, 0.165885493], [0.220846, 0.330541074, 0.312668741, 0.355907559], [0.715958238, 0.771507, 0.395361722, 0.430815279], [0.616661251, 0.674004376, 0.271282077, 0.306809], [0.210157186, 0.376470417, 0.4297598, 0.523221433], [0.7299, 0.898515403, 0.161495745, 0.27720204], [0.652662039, 0.72673744, 0.506037533, 0.548687398], [0.496378332, 0.663663924, 0.372543544, 0.465377063], [0.737644315, 0.905817091, 0.455884367, 0.564119816]]}