{"confidences": [0.9998191, 0.999634743, 0.99903, 0.998617887, 0.998416901, 0.997618735, 0.997327328, 0.997159958, 0.997063577, 0.996938825, 0.996002257, 0.995347798], "bboxes": [[0.338586599, 0.504391193, 0.188782245, 0.259406745], [0.546078563, 0.617888212, 0.478679597, 0.52236551], [0.651641905, 0.726521, 0.507171512, 0.549167156], [0.500635087, 0.665287852, 0.373032331, 0.467526317], [0.211132765, 0.379887044, 0.429528534, 0.52374351], [0.737451911, 0.913501859, 0.459724337, 0.563911498], [0.715757132, 0.770573378, 0.394728303, 0.432249188], [0.732427061, 0.903217196, 0.162845403, 0.277324349], [0.339279354, 0.445827603, 0.311806023, 0.354966104], [0.221504539, 0.332343191, 0.312148303, 0.355886191], [0.617160499, 0.672741175, 0.271300465, 0.306607515], [0.591058791, 0.643508732, 0.130000874, 0.166079953]], "displayNames": ["Entity", "Relationship", "Relationship", "Entity", "Entity", "Entity", "Relationship", "Entity", "Relationship", "Relationship", "Relationship", "Relationship"], "ids": ["8013721229812826112", "5830319835468267520", "5830319835468267520", "8013721229812826112", "8013721229812826112", "8013721229812826112", "5830319835468267520", "8013721229812826112", "5830319835468267520", "5830319835468267520", "5830319835468267520", "5830319835468267520"]}