{"displayNames": ["Entity", "Entity", "Entity", "Entity", "Relationship", "Relationship", "Entity", "Relationship", "Relationship", "Relationship", "Relationship", "Relationship"], "ids": ["8013721229812826112", "8013721229812826112", "8013721229812826112", "8013721229812826112", "5830319835468267520", "5830319835468267520", "8013721229812826112", "5830319835468267520", "5830319835468267520", "5830319835468267520", "5830319835468267520", "5830319835468267520"], "confidences": [0.999956489, 0.999943733, 0.999858618, 0.999823511, 0.997970045, 0.997953773, 0.997756422, 0.995702922, 0.994220734, 0.993904054, 0.992177188, 0.991709292], "bboxes": [[0.234555602, 0.353065252, 0.305864573, 0.383203328], [0.769286454, 0.884937048, 0.16761224, 0.237523392], [0.560236096, 0.678284049, 0.30781579, 0.393520772], [0.121560991, 0.238483325, 0.13532038, 0.202651367], [0.413420558, 0.487431139, 0.346326053, 0.37720412], [0.621579051, 0.696521103, 0.220691204, 0.250776976], [0.44232288, 0.567143381, 0.154569268, 0.245653212], [0.737194598, 0.813064, 0.346369237, 0.377063304], [0.117365845, 0.195193738, 0.326765209, 0.358241469], [0.312532395, 0.388035268, 0.244579852, 0.275430739], [0.300085574, 0.3726933, 0.179455191, 0.209778488], [0.626950502, 0.7013188, 0.162496656, 0.193152398]]}