{"confidences": [0.999760568, 0.999171, 0.998822153, 0.998811603, 0.998781741, 0.998247862, 0.99760592, 0.997373223, 0.996980131, 0.996479094, 0.996321797, 0.995287418], "displayNames": ["Entity", "Relationship", "Relationship", "Entity", "Entity", "Entity", "Entity", "Relationship", "Relationship", "Relationship", "Relationship", "Relationship"], "bboxes": [[0.37299931, 0.540585756, 0.24796024, 0.325330168], [0.287584931, 0.384814322, 0.370930672, 0.413217247], [0.585409105, 0.69719094, 0.359360725, 0.40324524], [0.372188777, 0.543619871, 0.480762869, 0.592773557], [0.675871611, 0.851543784, 0.566400766, 0.679792762], [0.401610851, 0.565466702, 0.349238217, 0.446530461], [0.211915135, 0.384595186, 0.624114215, 0.735155642], [0.464596123, 0.570134759, 0.657104909, 0.70270282], [0.264568776, 0.376653254, 0.755349278, 0.798874855], [0.54486841, 0.655428767, 0.609371066, 0.653110385], [0.151490793, 0.262465745, 0.45298624, 0.496656179], [0.718064368, 0.826616526, 0.491013587, 0.534762681]], "ids": ["8013721229812826112", "5830319835468267520", "5830319835468267520", "8013721229812826112", "8013721229812826112", "8013721229812826112", "8013721229812826112", "5830319835468267520", "5830319835468267520", "5830319835468267520", "5830319835468267520", "5830319835468267520"]}