{"confidences": [0.999884844, 0.999744713, 0.999742448, 0.99953115, 0.999530196, 0.999450505, 0.999440849, 0.999426246, 0.999233127, 0.999162793, 0.999151587, 0.99901545], "displayNames": ["Entity", "Relationship", "Relationship", "Relationship", "Relationship", "Entity", "Relationship", "Entity", "Relationship", "Entity", "Relationship", "Entity"], "ids": ["8013721229812826112", "5830319835468267520", "5830319835468267520", "5830319835468267520", "5830319835468267520", "8013721229812826112", "5830319835468267520", "8013721229812826112", "5830319835468267520", "8013721229812826112", "5830319835468267520", "8013721229812826112"], "bboxes": [[0.370682955, 0.539829612, 0.246052787, 0.324544668], [0.264152378, 0.378438711, 0.754807889, 0.800088], [0.71497643, 0.828269064, 0.490055084, 0.534965754], [0.46226874, 0.573090076, 0.656630337, 0.701630056], [0.147460312, 0.264155895, 0.452602476, 0.498084396], [0.673677444, 0.847676575, 0.563125908, 0.685014904], [0.544139266, 0.654905379, 0.60907352, 0.653109431], [0.365689695, 0.545250237, 0.478317738, 0.59121418], [0.287384182, 0.385294586, 0.369625479, 0.413893074], [0.399595797, 0.564088106, 0.347005874, 0.446942359], [0.583558, 0.698509276, 0.359168768, 0.403586805], [0.207726061, 0.377381533, 0.624260902, 0.735578656]]}