{"bboxes": [[0.216639057, 0.364889145, 0.518689394, 0.596383], [0.537481606, 0.683977246, 0.179459453, 0.274294347], [0.231128708, 0.328449, 0.431351513, 0.468124956], [0.188725859, 0.373592824, 0.253105938, 0.349128425], [0.687058747, 0.78396368, 0.306224614, 0.341455668], [0.391610354, 0.48068732, 0.444725484, 0.473588616], [0.371503562, 0.492423415, 0.48595798, 0.518736362], [0.166173235, 0.259611309, 0.145209715, 0.181637213], [0.474600136, 0.572144449, 0.12066292, 0.158758372]], "ids": ["8013721229812826112", "8013721229812826112", "5830319835468267520", "8013721229812826112", "5830319835468267520", "1656608880802660352", "1656608880802660352", "5830319835468267520", "6169160731846508544"], "confidences": [0.999704659, 0.998527646, 0.998302221, 0.998101294, 0.995954514, 0.991168857, 0.985195, 0.942201376, 0.909757376], "displayNames": ["Entity", "Entity", "Relationship", "Entity", "Relationship", "Attribute", "Attribute", "Relationship", "WeakRelationship"]}