{"confidences": [0.999940872, 0.999886036, 0.999876, 0.999863148, 0.999755323, 0.999745667, 0.999686241, 0.999659777, 0.999555647, 0.99949789, 0.999422073, 0.999116957, 0.998711944], "displayNames": ["Relationship", "Relationship", "Relationship", "Relationship", "Entity", "Relationship", "Attribute", "Entity", "Entity", "Entity", "Entity", "Relationship", "Attribute"], "ids": ["5830319835468267520", "5830319835468267520", "5830319835468267520", "5830319835468267520", "8013721229812826112", "5830319835468267520", "1656608880802660352", "8013721229812826112", "8013721229812826112", "8013721229812826112", "8013721229812826112", "5830319835468267520", "1656608880802660352"], "bboxes": [[0.228940159, 0.329195172, 0.432218164, 0.468232244], [0.473980218, 0.57174772, 0.121595949, 0.158864856], [0.296939433, 0.391418457, 0.369723618, 0.404308558], [0.683151722, 0.78407079, 0.305832386, 0.341693461], [0.535575211, 0.686502278, 0.17902489, 0.27432248], [0.406547129, 0.507023513, 0.237166911, 0.272855], [0.392877489, 0.482444167, 0.443150699, 0.472808897], [0.444061428, 0.600287676, 0.299643, 0.413781613], [0.21510379, 0.361615568, 0.519113183, 0.59530139], [0.184672087, 0.370909333, 0.252162874, 0.349774], [0.270358175, 0.418619752, 0.109137073, 0.200485662], [0.164280981, 0.261423796, 0.145237118, 0.18147245], [0.375949055, 0.494525075, 0.484764636, 0.517635524]]}