{"bboxes": [[0.519629061, 0.60526824, 0.349787414, 0.418889821], [0.847753763, 0.933708966, 0.192375258, 0.266413212], [0.567882299, 0.653275, 0.106121942, 0.173453435], [0.203364924, 0.289766282, 0.177857041, 0.234831929], [0.542826355, 0.63093859, 0.250091523, 0.306157976], [0.18323569, 0.419166088, 0.468284726, 0.666367292], [0.701579869, 0.81087476, 0.281665027, 0.312492728], [0.4031142, 0.508005798, 0.178141415, 0.208800822], [0.403875232, 0.508842587, 0.248405218, 0.279749632], [0.706766546, 0.808739841, 0.317805022, 0.350629121], [0.336643189, 0.40947181, 0.302755028, 0.331064492], [0.701129556, 0.811266601, 0.185166374, 0.217639253], [0.368673652, 0.436261714, 0.15118742, 0.174056441]], "confidences": [0.999986887, 0.999967217, 0.999930859, 0.99983, 0.999566853, 0.998828232, 0.99799937, 0.997745693, 0.995839119, 0.994004071, 0.986767352, 0.980179191, 0.977791131], "ids": ["8013721229812826112", "8013721229812826112", "8013721229812826112", "8013721229812826112", "8013721229812826112", "8013721229812826112", "5830319835468267520", "5830319835468267520", "5830319835468267520", "5830319835468267520", "1656608880802660352", "5830319835468267520", "1656608880802660352"], "displayNames": ["Entity", "Entity", "Entity", "Entity", "Entity", "Entity", "Relationship", "Relationship", "Relationship", "Relationship", "Attribute", "Relationship", "Attribute"]}