{"ids": ["8013721229812826112", "8013721229812826112", "8013721229812826112", "8013721229812826112", "8013721229812826112", "5830319835468267520", "5830319835468267520", "5830319835468267520", "5830319835468267520", "5830319835468267520", "5830319835468267520", "5830319835468267520"], "displayNames": ["Entity", "Entity", "Entity", "Entity", "Entity", "Relationship", "Relationship", "Relationship", "Relationship", "Relationship", "Relationship", "Relationship"], "confidences": [0.999918, 0.999903917, 0.999899864, 0.9998914, 0.999722779, 0.999191344, 0.998256505, 0.998047829, 0.997360051, 0.997324944, 0.996900797, 0.996742666], "bboxes": [[0.362626582, 0.469860554, 0.56888938, 0.634115], [0.520132, 0.629273951, 0.462492168, 0.526227891], [0.362315327, 0.467329502, 0.462925255, 0.527449608], [0.526580811, 0.635417759, 0.566810548, 0.633501589], [0.198921308, 0.301562101, 0.464767188, 0.528020263], [0.391578853, 0.459353387, 0.539774776, 0.565326095], [0.538867235, 0.608340204, 0.422133446, 0.448060393], [0.271122396, 0.341908783, 0.417853624, 0.443180472], [0.545958281, 0.614201665, 0.535507143, 0.561549485], [0.539349258, 0.610787928, 0.651655436, 0.67818284], [0.232303634, 0.301890075, 0.57961756, 0.605903327], [0.295135647, 0.360443175, 0.539735615, 0.565009654]]}