{"confidences": [0.999328256, 0.999043286, 0.99879539, 0.998795152, 0.998553455, 0.998544, 0.998385429, 0.998338342, 0.998212814, 0.99820292, 0.997564912, 0.995749712], "bboxes": [[0.434260637, 0.581352532, 0.562188625, 0.822173297], [0.657824874, 0.805077672, 0.223343879, 0.47503981], [0.135732174, 0.285585314, 0.565467596, 0.826225519], [0.161947399, 0.259411097, 0.398991317, 0.492996722], [0.309736043, 0.405617923, 0.103974029, 0.205137163], [0.135819748, 0.284292042, 0.0805373937, 0.340543956], [0.31046024, 0.40726164, 0.653713942, 0.752900243], [0.684221745, 0.778666, 0.591065764, 0.690010369], [0.593974233, 0.689303041, 0.865810037, 0.9621135], [0.313180208, 0.411755204, 0.430514336, 0.524385512], [0.431315571, 0.580369115, 0.0749929175, 0.339950174], [0.788533, 0.882995605, 0.0820173472, 0.176144332]], "ids": ["8013721229812826112", "8013721229812826112", "8013721229812826112", "5830319835468267520", "5830319835468267520", "8013721229812826112", "5830319835468267520", "5830319835468267520", "5830319835468267520", "5830319835468267520", "8013721229812826112", "5830319835468267520"], "displayNames": ["Entity", "Entity", "Entity", "Relationship", "Relationship", "Entity", "Relationship", "Relationship", "Relationship", "Relationship", "Entity", "Relationship"]}