{"bboxes": [[0.286449254, 0.436704785, 0.283740371, 0.358085901], [0.120493032, 0.26565218, 0.109204397, 0.16788654], [0.821706295, 0.972057283, 0.111193314, 0.186250553], [0.676623821, 0.830037, 0.301357388, 0.392726779], [0.484837323, 0.63956, 0.10958147, 0.206330389], [0.150236204, 0.248267978, 0.220845878, 0.258932918], [0.879557967, 0.976427674, 0.251894325, 0.289982706], [0.494408786, 0.591256738, 0.258903235, 0.296233326], [0.326670498, 0.423806548, 0.11630147, 0.15566045], [0.56017071, 0.65659523, 0.337528378, 0.37545833], [0.701470256, 0.782737, 0.189979151, 0.215597436], [0.679884613, 0.77439481, 0.115871273, 0.15454942]], "displayNames": ["Entity", "Entity", "Entity", "Entity", "Entity", "Relationship", "Relationship", "Relationship", "Relationship", "Relationship", "Attribute", "Relationship"], "ids": ["8013721229812826112", "8013721229812826112", "8013721229812826112", "8013721229812826112", "8013721229812826112", "5830319835468267520", "5830319835468267520", "5830319835468267520", "5830319835468267520", "5830319835468267520", "1656608880802660352", "5830319835468267520"], "confidences": [0.99989152, 0.999700308, 0.999677777, 0.99938345, 0.99890542, 0.998202085, 0.997745037, 0.996615, 0.996199191, 0.995096505, 0.993635058, 0.991929412]}