{"confidences": [0.9998914, 0.999867082, 0.999836683, 0.999811232, 0.99978596, 0.999767721, 0.999732554, 0.999724925, 0.99965179, 0.999635696, 0.999550879, 0.999225378], "displayNames": ["Entity", "Entity", "Entity", "Entity", "Entity", "Relationship", "Relationship", "Relationship", "Relationship", "Relationship", "Relationship", "Relationship"], "ids": ["8013721229812826112", "8013721229812826112", "8013721229812826112", "8013721229812826112", "8013721229812826112", "5830319835468267520", "5830319835468267520", "5830319835468267520", "5830319835468267520", "5830319835468267520", "5830319835468267520", "5830319835468267520"], "bboxes": [[0.206703514, 0.397899598, 0.158772781, 0.380459517], [0.690774083, 0.883995295, 0.744949102, 0.967635095], [0.569081187, 0.759160757, 0.135122344, 0.406472981], [0.114966467, 0.305199444, 0.746343136, 0.96854192], [0.403864712, 0.596604586, 0.447037935, 0.718110263], [0.229109958, 0.325528473, 0.633263052, 0.699932], [0.674703062, 0.780102551, 0.615291834, 0.700296581], [0.12594834, 0.231311858, 0.0371421, 0.123554096], [0.539470553, 0.63496685, 0.86446929, 0.933914304], [0.446995318, 0.521067321, 0.2362829, 0.306886375], [0.736251712, 0.821376204, 0.0338794701, 0.119228564], [0.270378977, 0.356458455, 0.501295209, 0.569533288]]}