{"ids": ["8013721229812826112", "8013721229812826112", "8013721229812826112", "8013721229812826112", "8013721229812826112", "5830319835468267520", "5830319835468267520", "5830319835468267520", "5830319835468267520", "5830319835468267520", "5830319835468267520", "5830319835468267520"], "bboxes": [[0.695986509, 0.885206342, 0.7540977, 0.96955508], [0.403742492, 0.596275508, 0.457345605, 0.722296238], [0.208336294, 0.397316217, 0.164561599, 0.384885401], [0.116094016, 0.305923671, 0.750314891, 0.972654104], [0.569826603, 0.761415, 0.139742926, 0.407392919], [0.230461568, 0.326884836, 0.634889245, 0.703548253], [0.677034616, 0.779721618, 0.618406713, 0.704505], [0.541900396, 0.633694053, 0.864586413, 0.936597], [0.127030551, 0.230897903, 0.038654834, 0.125260353], [0.272475451, 0.355034798, 0.503134131, 0.572451234], [0.447328955, 0.520308673, 0.237555951, 0.307265401], [0.737930775, 0.81913805, 0.0337120891, 0.120730802]], "confidences": [0.999870658, 0.999833703, 0.999661326, 0.999474108, 0.998959541, 0.998737156, 0.998317242, 0.997593462, 0.997295558, 0.996874571, 0.995649755, 0.995006561], "displayNames": ["Entity", "Entity", "Entity", "Entity", "Entity", "Relationship", "Relationship", "Relationship", "Relationship", "Relationship", "Relationship", "Relationship"]}