{"bboxes": [[0.115249559, 0.269687235, 0.266768575, 0.362143874], [0.174091488, 0.342108786, 0.447983831, 0.557152867], [0.142133608, 0.306135893, 0.0900840461, 0.181721628], [0.395857453, 0.562285841, 0.459809, 0.551382363], [0.554406047, 0.713691354, 0.265646636, 0.375234842], [0.161732867, 0.267276078, 0.372859, 0.414178669], [0.775605917, 0.882458806, 0.171530232, 0.213397816], [0.146376804, 0.249544621, 0.211550638, 0.252136141], [0.518078864, 0.625190556, 0.388861567, 0.431001574]], "confidences": [0.999589622, 0.999478161, 0.999413133, 0.999190271, 0.99759537, 0.997112393, 0.995227814, 0.993499935, 0.991550446], "displayNames": ["Entity", "Entity", "Entity", "Entity", "Entity", "Relationship", "Relationship", "Relationship", "Relationship"], "ids": ["8013721229812826112", "8013721229812826112", "8013721229812826112", "8013721229812826112", "8013721229812826112", "5830319835468267520", "5830319835468267520", "5830319835468267520", "5830319835468267520"]}