{"confidences": [0.999545157, 0.999203265, 0.999036789, 0.998794913, 0.998593271, 0.99853754, 0.998043299, 0.997997224, 0.997803271, 0.997617304, 0.997369885, 0.996995568, 0.996084094, 0.9923051], "bboxes": [[0.63818574, 0.768490911, 0.313359946, 0.385294229], [0.46706602, 0.604921579, 0.418033481, 0.505674481], [0.240158409, 0.339383632, 0.498236716, 0.551637113], [0.15527238, 0.32140252, 0.267740667, 0.316808879], [0.125111267, 0.391591728, 0.633731186, 0.742295563], [0.511352956, 0.598828, 0.319596291, 0.350617945], [0.355464846, 0.484218717, 0.297684371, 0.358128369], [0.508761227, 0.600781441, 0.370244354, 0.399449855], [0.336342365, 0.422726661, 0.433887482, 0.465467274], [0.129469693, 0.370242208, 0.793477118, 0.87892884], [0.507921815, 0.595924735, 0.274757117, 0.306505769], [0.339470446, 0.423040748, 0.381025285, 0.412462503], [0.775836051, 0.864209712, 0.345588535, 0.377866894], [0.212530747, 0.30841127, 0.437588543, 0.467333525]], "ids": ["8013721229812826112", "8013721229812826112", "8013721229812826112", "8013721229812826112", "8013721229812826112", "5830319835468267520", "8013721229812826112", "5830319835468267520", "5830319835468267520", "8013721229812826112", "5830319835468267520", "5830319835468267520", "5830319835468267520", "5830319835468267520"], "displayNames": ["Entity", "Entity", "Entity", "Entity", "Entity", "Relationship", "Entity", "Relationship", "Relationship", "Entity", "Relationship", "Relationship", "Relationship", "Relationship"]}