{"bboxes": [[0.668204725, 0.751410365, 0.271016806, 0.338973671], [0.479043186, 0.566961586, 0.419291109, 0.496769339], [0.532756686, 0.627220809, 0.273183107, 0.332619786], [0.169576, 0.242835552, 0.398156166, 0.461317122], [0.116407461, 0.403079689, 0.56066674, 0.713396728], [0.192211032, 0.262723744, 0.334029019, 0.36245507], [0.117779009, 0.499180853, 0.756240249, 0.904767513], [0.284944952, 0.423398167, 0.294798046, 0.343368083], [0.459931105, 0.538988054, 0.357345402, 0.391208172], [0.7946679, 0.871053338, 0.302548915, 0.332374305], [0.356180698, 0.429392785, 0.386717319, 0.416011095], [0.565816939, 0.640007079, 0.372759402, 0.401392341], [0.262432098, 0.32235229, 0.365043342, 0.386315286], [0.607921898, 0.683996201, 0.218267962, 0.248534068], [0.13014926, 0.190863654, 0.362977922, 0.384106159]], "displayNames": ["Entity", "Entity", "Entity", "Entity", "Entity", "Relationship", "Entity", "Entity", "Relationship", "Relationship", "Relationship", "Relationship", "Attribute", "Relationship", "Attribute"], "ids": ["8013721229812826112", "8013721229812826112", "8013721229812826112", "8013721229812826112", "8013721229812826112", "5830319835468267520", "8013721229812826112", "8013721229812826112", "5830319835468267520", "5830319835468267520", "5830319835468267520", "5830319835468267520", "1656608880802660352", "5830319835468267520", "1656608880802660352"], "confidences": [0.999974, 0.999934196, 0.999791443, 0.999538422, 0.999465644, 0.999132574, 0.999125183, 0.999079347, 0.996669233, 0.996195436, 0.994997621, 0.994451702, 0.989037573, 0.948886812, 0.932867825]}