{"bboxes": [[0.617314935, 0.790546417, 0.388115585, 0.586004317], [0.417728245, 0.593210876, 0.592378438, 0.78988117], [0.446585327, 0.564192, 0.460407108, 0.536062062], [0.285457909, 0.402467728, 0.152532846, 0.229363754], [0.248353213, 0.364138097, 0.496161044, 0.573401392], [0.140911907, 0.319228053, 0.62367785, 0.791455865], [0.71277, 0.826844692, 0.630702853, 0.708029687], [0.103230737, 0.291593969, 0.310449213, 0.466592789], [0.616858542, 0.735881507, 0.249706298, 0.328439087], [0.407610625, 0.582783341, 0.212591052, 0.375981748]], "confidences": [0.999876738, 0.999849558, 0.999523401, 0.999340236, 0.99928844, 0.999194324, 0.998833239, 0.998770773, 0.998567104, 0.99778688], "ids": ["8013721229812826112", "8013721229812826112", "5830319835468267520", "5830319835468267520", "5830319835468267520", "8013721229812826112", "5830319835468267520", "8013721229812826112", "5830319835468267520", "8013721229812826112"], "displayNames": ["Entity", "Entity", "Relationship", "Relationship", "Relationship", "Entity", "Relationship", "Entity", "Relationship", "Entity"]}