{"bboxes": [[0.245803595, 0.364068747, 0.831173599, 0.924919963], [0.556699038, 0.739903331, 0.361229241, 0.61180532], [0.393580049, 0.511957228, 0.13549985, 0.22985588], [0.186705366, 0.307867676, 0.393004119, 0.48431918], [0.493368089, 0.680836141, 0.771478117, 0.975866], [0.155884936, 0.338384569, 0.0594533, 0.308558583], [0.366751432, 0.485472441, 0.671061397, 0.763131618], [0.796789527, 0.911253572, 0.634084225, 0.72847712], [0.817133188, 0.932158232, 0.062501289, 0.154894888], [0.383604467, 0.503029764, 0.392113805, 0.485698402], [0.562107, 0.744205773, 0.0592600778, 0.26143387], [0.155554116, 0.338783205, 0.56919241, 0.765256166], [0.844256938, 0.943638742, 0.754422247, 0.81867522], [0.472350061, 0.573348105, 0.617264569, 0.678694069]], "confidences": [0.999726117, 0.999713242, 0.99968183, 0.999642, 0.999577701, 0.99938, 0.999367058, 0.999362528, 0.999255, 0.999141097, 0.999052703, 0.998000205, 0.986292958, 0.979937851], "displayNames": ["Relationship", "Entity", "Relationship", "Relationship", "Entity", "Entity", "Relationship", "Relationship", "Relationship", "Relationship", "Entity", "Entity", "Attribute", "Attribute"], "ids": ["5830319835468267520", "8013721229812826112", "5830319835468267520", "5830319835468267520", "8013721229812826112", "8013721229812826112", "5830319835468267520", "5830319835468267520", "5830319835468267520", "5830319835468267520", "8013721229812826112", "8013721229812826112", "1656608880802660352", "1656608880802660352"]}