{"displayNames": ["Relationship", "Relationship", "Entity", "Entity", "Relationship", "Relationship", "Entity", "Relationship", "Relationship", "Entity", "Entity", "Relationship"], "ids": ["5830319835468267520", "5830319835468267520", "8013721229812826112", "8013721229812826112", "5830319835468267520", "5830319835468267520", "8013721229812826112", "5830319835468267520", "5830319835468267520", "8013721229812826112", "8013721229812826112", "5830319835468267520"], "confidences": [0.999294877, 0.99916625, 0.999086142, 0.999083161, 0.998865366, 0.998863578, 0.998686969, 0.998672485, 0.998613119, 0.99854517, 0.998045206, 0.997980058], "bboxes": [[0.315005571, 0.423464626, 0.463588148, 0.566067874], [0.188675091, 0.299247056, 0.546443105, 0.650334895], [0.257792711, 0.422288418, 0.777670622, 0.997749805], [0.469185293, 0.632287204, 0.41766721, 0.681087911], [0.61643821, 0.726673901, 0.281504333, 0.385136038], [0.555754244, 0.663851202, 0.829344809, 0.930743814], [0.241038233, 0.407096714, 0.0649790093, 0.239000872], [0.751591563, 0.85975039, 0.446739823, 0.552613378], [0.376714885, 0.483363271, 0.267378896, 0.369819552], [0.711239398, 0.881316125, 0.730100572, 1.0], [0.719958723, 0.888644755, 0.0282270256, 0.255802125], [0.572554231, 0.683031201, 0.0662067086, 0.16945833]]}