{"confidences": [0.99992907, 0.999915481, 0.999869943, 0.99986589, 0.999863148, 0.999835134, 0.99983, 0.999796808, 0.999753892, 0.999662519, 0.99949348, 0.999192894], "displayNames": ["Relationship", "Relationship", "Relationship", "Relationship", "Entity", "Relationship", "Relationship", "Relationship", "Entity", "Entity", "Entity", "Entity"], "ids": ["5830319835468267520", "5830319835468267520", "5830319835468267520", "5830319835468267520", "8013721229812826112", "5830319835468267520", "5830319835468267520", "5830319835468267520", "8013721229812826112", "8013721229812826112", "8013721229812826112", "8013721229812826112"], "bboxes": [[0.615591764, 0.726757407, 0.284277707, 0.383448], [0.187988654, 0.29955554, 0.546887457, 0.648766875], [0.553938925, 0.664795339, 0.828780353, 0.929393053], [0.375198573, 0.48599574, 0.266782224, 0.367885888], [0.469316036, 0.632927179, 0.413898915, 0.683725178], [0.57052505, 0.683247447, 0.0657879785, 0.167726666], [0.750060856, 0.860683, 0.449633628, 0.549825072], [0.313156456, 0.423107892, 0.466463953, 0.564648867], [0.712181509, 0.879747808, 0.727254, 0.998114765], [0.25706473, 0.424641281, 0.776504397, 0.999964654], [0.240719736, 0.404105186, 0.0643255636, 0.239097938], [0.722600102, 0.886157036, 0.0311736241, 0.252558202]]}