{"displayNames": ["Entity", "Entity", "Entity", "Entity", "Relationship", "Relationship", "Relationship", "Relationship", "Attribute", "Relationship", "Relationship", "WeakRelationship"], "ids": ["8013721229812826112", "8013721229812826112", "8013721229812826112", "8013721229812826112", "5830319835468267520", "5830319835468267520", "5830319835468267520", "5830319835468267520", "1656608880802660352", "5830319835468267520", "5830319835468267520", "6169160731846508544"], "bboxes": [[0.676986456, 0.792701423, 0.1802174, 0.279859453], [0.487360984, 0.599037588, 0.182154566, 0.268119603], [0.175406247, 0.320041984, 0.189716309, 0.251665384], [0.500997722, 0.66249758, 0.455515742, 0.545392394], [0.352270484, 0.454372585, 0.184950754, 0.225672141], [0.398466796, 0.503053904, 0.394270331, 0.436127216], [0.467470288, 0.570025325, 0.561837137, 0.603272259], [0.663626075, 0.741964042, 0.365124, 0.393406808], [0.513557076, 0.60011512, 0.323822528, 0.352501839], [0.590765238, 0.692980409, 0.288449705, 0.329567373], [0.353944182, 0.45476231, 0.26759544, 0.303552479], [0.19195877, 0.301710069, 0.285655469, 0.325462788]], "confidences": [0.999798954, 0.999740183, 0.999655962, 0.998443902, 0.997798622, 0.997396946, 0.997169554, 0.995781541, 0.994463503, 0.991562068, 0.987874568, 0.976291299]}