{"confidences": [0.999814212, 0.999797642, 0.999794185, 0.999757349, 0.999732912, 0.999718964, 0.999715745, 0.999656916, 0.999652267, 0.999650598, 0.999630451, 0.999428, 0.999359429, 0.998859048, 0.998731911, 0.99795568, 0.99763], "displayNames": ["Relationship", "Relationship", "Relationship", "Entity", "Entity", "Relationship", "Relationship", "Relationship", "Attribute", "Entity", "Relationship", "Relationship", "Entity", "Relationship", "Entity", "Entity", "Entity"], "ids": ["5830319835468267520", "5830319835468267520", "5830319835468267520", "8013721229812826112", "8013721229812826112", "5830319835468267520", "5830319835468267520", "5830319835468267520", "1656608880802660352", "8013721229812826112", "5830319835468267520", "5830319835468267520", "8013721229812826112", "5830319835468267520", "8013721229812826112", "8013721229812826112", "8013721229812826112"], "bboxes": [[0.479592741, 0.622151792, 0.62367183, 0.680276453], [0.120310433, 0.231738761, 0.22934784, 0.273565263], [0.457823187, 0.601704121, 0.71363312, 0.771382749], [0.126418307, 0.347131371, 0.674005687, 0.828352511], [0.282540828, 0.452776819, 0.153432518, 0.271111876], [0.341927767, 0.452413648, 0.531155348, 0.574529767], [0.340165496, 0.45240289, 0.48056531, 0.525802732], [0.761284947, 0.876168549, 0.502442, 0.546648264], [0.128432706, 0.222590595, 0.296641201, 0.326381], [0.642431319, 0.810694516, 0.167241514, 0.264375925], [0.495675504, 0.606943429, 0.119382419, 0.163402244], [0.770935059, 0.885036886, 0.290089637, 0.333461732], [0.639609277, 0.811349571, 0.343775153, 0.46190083], [0.479665756, 0.590954, 0.20785512, 0.252608538], [0.52099961, 0.711467147, 0.483197689, 0.581967473], [0.659929276, 0.879171729, 0.684364378, 0.751051366], [0.116729535, 0.28791225, 0.486437351, 0.580840647]]}