{"confidences": [0.999271095, 0.999228716, 0.998855829, 0.998799086, 0.998384833, 0.998331368, 0.99828583, 0.997811139, 0.99749738, 0.997392297, 0.997099876, 0.996174157, 0.992177784, 0.992054343, 0.991848946, 0.987116396], "ids": ["8013721229812826112", "5830319835468267520", "5830319835468267520", "8013721229812826112", "8013721229812826112", "5830319835468267520", "5830319835468267520", "5830319835468267520", "8013721229812826112", "8013721229812826112", "5830319835468267520", "1656608880802660352", "8013721229812826112", "5830319835468267520", "5830319835468267520", "5830319835468267520"], "bboxes": [[0.661823273, 0.878107369, 0.686707497, 0.754741669], [0.341737092, 0.452274472, 0.481390327, 0.524771631], [0.480380028, 0.62106353, 0.624864221, 0.681511641], [0.641696751, 0.814927161, 0.167718977, 0.265152931], [0.521612763, 0.712435961, 0.483556062, 0.582615614], [0.479285717, 0.590376437, 0.207594603, 0.252644837], [0.459109575, 0.598203361, 0.714592695, 0.770555615], [0.122280948, 0.231351167, 0.229220346, 0.272965312], [0.642168343, 0.813636422, 0.345043123, 0.463938057], [0.117227167, 0.290293, 0.486817151, 0.58521831], [0.340463966, 0.452191949, 0.531083822, 0.57417345], [0.128925696, 0.222245291, 0.296198, 0.325953484], [0.28260088, 0.456540585, 0.153249502, 0.272060841], [0.761517644, 0.873648703, 0.502191186, 0.547081232], [0.496402651, 0.606685281, 0.119258888, 0.162942559], [0.772773325, 0.883119345, 0.289819479, 0.332772255]], "displayNames": ["Entity", "Relationship", "Relationship", "Entity", "Entity", "Relationship", "Relationship", "Relationship", "Entity", "Entity", "Relationship", "Attribute", "Entity", "Relationship", "Relationship", "Relationship"]}