{"confidences": [0.999775946, 0.99976033, 0.999755442, 0.999564946, 0.999016047, 0.991914392, 0.987720907, 0.980580688, 0.97241205, 0.971388698, 0.958573937, 0.949909925, 0.946276426], "ids": ["8013721229812826112", "8013721229812826112", "8013721229812826112", "8013721229812826112", "8013721229812826112", "5830319835468267520", "8013721229812826112", "5830319835468267520", "5830319835468267520", "5830319835468267520", "5830319835468267520", "5830319835468267520", "5830319835468267520"], "displayNames": ["Entity", "Entity", "Entity", "Entity", "Entity", "Relationship", "Entity", "Relationship", "Relationship", "Relationship", "Relationship", "Relationship", "Relationship"], "bboxes": [[0.407056361, 0.570638478, 0.182925075, 0.26305753], [0.00459629064, 0.166591793, 0.183189, 0.248844564], [0.0732616, 0.233949229, 0.395080984, 0.463210464], [0.515191138, 0.679406404, 0.393878, 0.471457869], [0.818670928, 0.981438041, 0.177980468, 0.256123096], [0.876266778, 0.951055288, 0.279665232, 0.304312], [0.261872619, 0.80798775, 0.547679126, 0.818572819], [0.6402, 0.708523, 0.490739673, 0.511765897], [0.694661379, 0.750205636, 0.304028451, 0.325245917], [0.201597065, 0.26979956, 0.310737044, 0.331056565], [0.264626443, 0.319635421, 0.224354148, 0.245245337], [0.0239045955, 0.132734433, 0.316722333, 0.341035247], [0.673211217, 0.723823965, 0.224594787, 0.24498345]]}