{"displayNames": ["Entity", "Relationship", "Entity", "Entity", "Relationship", "Entity", "Relationship", "Relationship", "Entity"], "confidences": [0.999710143, 0.999415398, 0.999298, 0.99929738, 0.999162793, 0.999153852, 0.998900175, 0.998598039, 0.997421503], "ids": ["8013721229812826112", "5830319835468267520", "8013721229812826112", "8013721229812826112", "5830319835468267520", "8013721229812826112", "5830319835468267520", "5830319835468267520", "8013721229812826112"], "bboxes": [[0.02981144, 0.331331879, 0.342999727, 0.468854815], [0.410857707, 0.587542474, 0.262574047, 0.319697], [0.675968, 0.972061813, 0.417409182, 0.568133593], [0.0287025459, 0.333096802, 0.107436, 0.223833829], [0.422724575, 0.567110658, 0.535321593, 0.591939569], [0.670489728, 0.97079289, 0.0982028097, 0.248129204], [0.410501212, 0.555047512, 0.144571096, 0.20153448], [0.49947077, 0.64152652, 0.336439878, 0.392111927], [0.630969942, 0.934097588, 0.652095079, 0.841898918]]}