{"ids": ["5830319835468267520", "8013721229812826112", "5830319835468267520", "8013721229812826112", "8013721229812826112", "5830319835468267520", "8013721229812826112", "5830319835468267520", "5830319835468267520", "8013721229812826112", "5830319835468267520"], "bboxes": [[0.412699759, 0.476833105, 0.60389936, 0.688341379], [0.589819312, 0.754568458, 0.524870396, 0.678876221], [0.315382957, 0.369296, 0.0848122612, 0.178056553], [0.239286125, 0.424456477, 0.769711733, 0.953191578], [0.445380449, 0.593533874, 0.057504762, 0.221985295], [0.628136575, 0.672676623, 0.0763351321, 0.162620485], [0.213702157, 0.399418354, 0.366954148, 0.506107032], [0.808215439, 0.854017437, 0.378173172, 0.464856446], [0.207114756, 0.27320236, 0.553952, 0.645398915], [0.710717678, 0.898361444, 0.0367474928, 0.227587804], [0.691578329, 0.730165422, 0.287654638, 0.357907832]], "confidences": [0.999529958, 0.999312639, 0.999159455, 0.999004066, 0.998816848, 0.998661399, 0.998636782, 0.998506486, 0.998483, 0.997982, 0.996825337], "displayNames": ["Relationship", "Entity", "Relationship", "Entity", "Entity", "Relationship", "Entity", "Relationship", "Relationship", "Entity", "Relationship"]}